age,doses_per_day,is_night,is_weekend,adherence_7d,lives_alone,missed_yesterday,missed
53,5,1,1,0.8001564723175398,1,1,1
81,7,0,1,0.5319292996005792,1,0,1
76,6,0,0,0.6770997922085391,1,0,1
67,5,0,0,0.6351429958186763,1,1,1
67,4,1,0,0.5725240169845354,0,1,1
85,2,1,0,0.756379511347139,1,1,0
53,3,1,0,0.2877547534849082,0,0,0
78,6,0,0,0.6932120732546345,1,1,0
58,1,1,1,0.7337478044370045,0,1,1
53,1,0,0,0.5053302216469178,1,0,1
71,4,0,1,1.0,0,0,0
90,7,0,1,0.6429974925364833,1,1,1
80,6,1,1,0.7072528363563293,1,1,1
81,5,1,0,0.6434005504953535,1,0,1
79,5,1,1,0.7353180983224945,1,1,1
82,1,1,1,0.9854659368310889,1,1,1
71,3,0,1,1.0,0,1,0
55,1,1,1,0.8842150566661185,0,0,0
84,7,0,1,0.9458388780549188,0,1,1
68,7,1,0,1.0,0,1,0
70,3,0,1,0.7947967938179623,0,0,0
65,3,1,0,1.0,0,0,0
57,3,1,1,0.8926322038302725,1,0,0
87,8,1,1,0.775917724676083,0,1,1
82,4,1,0,0.8130613862012642,1,1,1
76,7,0,1,0.42214494659379165,1,0,0
66,4,0,0,0.802581466880307,0,1,0
83,6,1,0,0.4721254463196667,1,1,1
72,5,1,0,0.45745155271000065,0,0,1
68,3,0,1,0.7847181640245404,0,1,0
68,8,1,0,0.5494658528639902,1,0,1
59,6,0,1,0.748719524765392,0,0,0
53,7,1,0,0.7749182134829756,1,0,0
72,8,0,1,0.7829489281470843,1,1,1
86,2,0,0,0.5872581467324217,0,1,1
52,1,1,0,0.9117628288466157,1,0,0
85,5,1,1,0.7339376574361058,0,0,0
83,3,1,1,0.8293936224308092,1,1,1
61,4,1,1,0.5346408694895406,0,0,0
75,2,1,1,0.7179010397767224,0,0,1
56,4,0,1,0.9475130069886216,1,0,0
81,4,1,0,0.9246319737255663,0,1,1
78,3,1,0,0.6064873170736091,0,1,1
64,6,1,1,0.6517995256965279,1,1,0
52,5,1,1,0.5720363885885127,0,0,0
89,4,0,1,0.6318456747130413,1,0,0
68,1,1,0,0.4981678426728248,0,1,0
86,5,1,0,0.7251283429664747,1,1,1
77,2,0,1,0.8639649116729119,1,1,1
81,3,1,1,0.6086904845158059,1,1,1
81,4,0,0,0.7336908691209881,1,1,1
57,2,1,1,0.7103102866263558,0,1,0
64,4,1,0,0.9399213716876794,1,0,0
69,3,0,1,0.6399134693752042,0,0,0
70,7,1,0,0.6464611006228467,0,1,0
51,7,0,1,0.597716196907375,0,0,1
72,1,1,1,0.5452482863858722,0,0,1
56,5,1,0,0.8452532984604546,0,0,0
80,6,0,1,0.7256800566605138,0,1,0
78,4,0,0,0.7598657747681943,0,0,0
87,4,0,0,0.9794354081151714,0,1,0
80,7,0,0,0.9897745306670169,0,0,0
65,4,0,1,0.4536778245897354,0,1,0
89,1,0,1,0.8666102411572021,0,1,0
66,3,0,0,0.790616446628014,1,0,0
63,3,0,0,0.6669136201537315,1,1,0
87,4,0,0,0.8089830636650296,1,1,0
65,2,0,1,0.4392510176602586,0,1,0
53,2,1,0,1.0,0,1,0
69,8,1,0,0.8426899374729434,1,0,0
82,2,0,0,0.5942644059301214,1,0,0
57,6,1,0,0.6446261600724857,0,0,0
68,6,0,1,0.4434336344014607,1,0,0
55,5,1,1,0.6934876950294743,0,1,1
78,8,0,0,0.6631082440966951,1,1,1
69,1,0,1,0.5114801303177234,0,1,1
63,3,1,1,0.8898064020677601,1,0,0
59,2,0,0,0.9798234941450056,0,1,0
73,5,1,0,0.745075111791994,1,1,1
77,6,0,0,0.6949835610876538,0,1,0
88,8,0,1,0.8282972283837229,0,0,0
67,4,0,0,0.7464649867508922,1,0,0
56,2,1,0,0.5552077410783864,1,1,1
84,8,0,0,0.632517962414293,1,1,1
75,6,1,1,0.6966415187853544,0,0,0
78,7,1,0,0.7946735870058053,0,1,1
53,4,1,1,0.7516806092177643,0,1,1
62,4,1,1,0.7878664883976808,0,0,0
81,4,1,0,0.4755309630088941,0,1,1
84,6,1,0,0.8697391939352872,0,1,0
67,2,0,0,0.7506148591215323,1,0,0
82,8,0,0,1.0,1,0,0
84,2,1,0,0.6802258133682457,1,1,0
65,4,0,0,0.8082225291196871,0,0,0
86,3,1,0,1.0,1,0,0
61,6,0,0,0.7849364933105721,0,0,0
59,6,0,0,0.737826502930317,0,0,1
77,8,0,1,0.5723540589448828,1,1,1
76,7,0,1,1.0,0,0,0
55,2,1,0,0.5413617144882173,1,1,1
84,2,1,0,0.826881765032662,0,0,0
58,8,0,0,0.6647600421644914,1,0,0
83,4,0,0,0.715919472735956,0,0,0
50,1,1,1,0.4936921916501895,0,1,1
82,7,0,0,0.9917628999121011,0,1,0
82,6,1,1,0.6999964849347102,0,1,1
81,1,1,1,0.531283861399254,1,0,0
77,7,0,1,0.9754843074672165,0,0,0
69,5,0,0,0.6592553736532853,1,0,0
78,5,0,1,0.8102293125115299,1,0,0
61,7,0,0,0.9014549487841859,1,0,0
82,4,0,1,0.8353261795033776,1,0,0
72,4,1,1,0.3546056009101736,1,0,1
68,5,0,1,0.8751642061760017,0,0,0
70,2,1,0,0.731889522720277,1,0,1
73,2,1,1,0.6907748345754001,1,1,1
51,7,0,0,0.73036650918446,0,0,0
55,2,1,0,0.4601940970906053,0,1,1
60,5,0,0,0.7845907646391245,0,1,0
54,3,1,1,0.5044095527323241,1,0,1
68,2,1,1,0.6985488522798063,1,0,1
77,5,1,1,0.7781275976768779,0,1,1
76,7,1,1,0.9433266758377705,1,0,1
69,4,0,1,0.6024696312252514,0,0,1
85,2,0,0,1.0,1,1,0
73,2,0,0,0.9204335856327266,0,0,0
53,2,1,0,0.6727062463517035,0,1,0
81,8,0,1,0.5504251320475315,1,0,1
73,3,1,0,0.4901130871985242,1,0,0
76,3,0,0,0.7989156932759651,0,0,0
73,1,1,0,0.6172888530826535,0,1,1
72,4,1,1,0.9658842249507088,0,0,1
53,8,0,0,0.6276857106309113,0,1,0
72,4,0,0,0.587879223590645,1,0,0
82,6,1,0,0.7920527432239765,1,0,1
62,2,0,1,0.6265115657113038,1,0,0
74,2,0,1,0.7515389988063846,0,1,0
51,6,0,1,0.9274780794105338,1,0,1
64,1,1,0,0.7711012797003703,1,1,1
67,4,0,0,0.7717736029264903,1,1,0
90,3,0,1,0.7869264076035153,0,1,1
58,1,1,0,0.44524218174862923,1,0,0
61,5,0,0,0.8205307949874883,1,0,0
66,8,0,0,0.7787876838106613,1,0,1
90,1,0,1,0.9107215188570157,1,1,1
84,7,0,1,0.8590459442046814,0,0,0
51,5,0,0,0.7136492463110075,1,1,0
59,6,0,1,0.9358307204719243,0,1,0
83,1,0,0,0.6973264744297103,0,0,0
52,7,1,1,0.7944882787339869,0,0,1
85,1,0,1,0.6939931025137159,1,0,0
61,8,1,0,0.8331164048861781,0,1,0
87,6,1,0,0.6822318391252028,0,0,0
62,3,1,1,1.0,0,0,0
67,1,1,0,1.0,1,0,0
77,5,0,1,0.9073088857534809,0,0,0
55,1,1,1,1.0,1,1,0
72,5,0,0,0.4729413934453715,0,1,0
70,7,0,1,0.494152006210501,1,1,1
82,3,1,0,0.6921190980063816,1,1,1
90,2,0,1,0.7574215737465979,0,0,0
77,2,0,0,0.7143226647420602,1,1,0
66,2,0,1,0.45441565506606835,0,1,1
66,1,0,0,0.9572865071382564,1,0,0
67,2,0,1,1.0,1,1,0
83,6,1,0,0.9805777822510721,1,0,0
63,3,1,1,0.9453941883815649,0,0,0
56,7,0,0,0.7907015289262086,0,1,1
63,7,1,1,0.5982604732691154,1,1,1
50,7,0,0,0.7630550494744742,0,0,0
54,5,1,0,1.0,1,1,0
53,3,1,0,0.6866421397487299,0,1,1
81,8,1,1,0.6681076953916905,0,1,0
79,2,0,0,0.9493146586387045,1,1,0
78,4,0,1,0.9612634891342072,1,0,0
68,4,0,1,0.5973776749605354,0,0,0
79,6,1,0,0.7029327696172639,1,0,1
56,5,0,1,0.6596570107377417,1,1,0
86,7,0,1,0.7625440882309963,0,0,0
70,8,1,0,0.9486636007712687,0,0,0
88,4,1,1,0.6052750461969436,1,1,1
56,7,0,1,0.9461396662026486,0,0,0
70,2,0,0,0.7682972248058355,0,0,0
78,8,0,1,1.0,1,1,1
70,2,0,0,0.8073895591867573,1,1,1
68,7,1,0,0.7325546574667322,0,0,0
56,4,0,1,0.8534486508808786,0,1,0
65,8,1,0,0.6893136771803022,1,0,1
59,2,0,0,0.42685083779667143,1,0,0
62,4,1,0,0.7067061886312024,1,1,1
78,8,1,1,0.7038671503675396,1,0,0
75,1,0,1,0.4633828571010339,1,0,0
74,3,0,1,0.7368536658369913,1,0,0
64,1,0,0,0.3779201595703085,1,0,0
89,3,0,0,0.6874163696720137,0,0,1
53,4,1,0,0.793847278568041,0,0,0
64,5,0,0,0.7674593118848818,0,1,0
54,3,1,1,0.6760074948803727,0,0,0
63,2,0,0,0.7346045276493471,1,1,0
89,2,0,1,0.6088684012539904,1,0,0
65,8,1,0,0.7519469734960562,1,1,1
87,8,1,0,0.7604555531865188,0,1,1
70,2,1,1,0.5879550039777283,1,1,1
78,2,0,1,0.7981858560916376,0,0,0
68,1,1,0,0.7970614779144817,0,0,0
60,8,1,0,0.7200822155554072,0,1,1
81,6,0,0,1.0,0,1,0
89,7,1,1,0.7246735703968245,1,0,1
60,3,1,1,0.6997378358328568,0,0,0
81,6,0,1,0.6739692403426081,0,0,1
60,1,1,1,0.5752309398462481,0,1,1
79,6,1,1,0.8734615247718126,1,1,1
82,5,0,0,0.626475545756499,0,1,0
68,3,1,0,0.6477693335404044,0,1,0
80,6,0,1,0.6531165192830524,0,0,1
61,6,0,0,0.572710167147268,0,0,0
53,4,0,0,0.43480500014194984,1,1,0
53,2,0,1,0.6666708239113451,0,0,0
68,1,1,1,0.9072003562882124,0,0,0
87,8,1,0,0.7854563649837439,0,1,1
55,3,1,1,1.0,0,0,0
68,3,0,1,0.885172134898053,0,0,0
78,6,1,0,0.844313665849328,0,1,0
58,3,0,0,1.0,1,0,0
79,4,0,1,0.732513792899422,1,0,1
62,6,0,0,0.7613536212308915,0,1,0
83,5,0,1,0.7479364041011752,0,0,1
73,6,1,0,1.0,0,1,0
72,1,1,0,0.7504527569626364,1,1,1
57,4,0,0,0.6333100726661213,0,1,1
68,4,0,0,0.8557815968333133,0,0,0
85,6,1,1,0.6030732340097349,0,0,1
50,2,0,0,0.8460248722705065,0,0,0
81,2,0,0,0.8244913681455303,1,1,0
70,7,1,0,0.7159075197948307,1,1,1
79,6,0,1,0.8518460829756288,0,0,0
77,7,1,1,0.4821978125444967,1,1,1
67,3,1,1,0.7793331818384974,1,1,0
62,8,0,1,0.6667022307599882,0,1,0
75,3,0,1,1.0,0,0,0
55,6,0,1,0.7780485125352374,0,0,0
73,2,0,1,0.6426494310389813,0,1,0
53,8,1,0,0.5019056875104453,0,1,1
76,3,0,1,0.9849731154229678,1,1,1
75,7,0,1,0.68699411048572,1,0,1
53,3,1,1,0.6075566279264245,0,0,1
81,7,0,1,0.8105338585216307,1,0,0
67,4,0,0,0.8669493896530176,1,1,0
82,1,1,0,0.8641115279777152,0,0,0
51,2,0,1,0.7535550761506851,0,1,0
57,6,0,0,0.7786542246396095,0,0,0
70,2,0,1,0.7917666736225265,0,0,0
57,3,1,1,0.8105513278131972,0,0,0
63,5,0,0,0.8264793352622668,1,0,0
77,3,1,0,0.9470014952349983,0,0,0
55,2,0,1,0.7601546751646531,0,0,0
77,5,1,0,0.6029754121505349,0,0,0
54,6,1,0,0.7240274934412738,1,1,0
57,6,0,0,0.8856805473722994,1,0,0
74,8,0,1,0.4284249674907278,1,1,1
82,1,0,0,0.429464604833047,0,0,1
56,4,0,0,0.9152897018506184,0,0,0
62,2,0,0,1.0,1,1,1
87,8,1,1,0.5222639936964948,0,0,1
90,5,0,0,0.7680826687499211,0,1,0
73,1,1,0,0.6780818796749373,1,1,0
68,6,0,0,0.7030505797965078,0,0,0
64,1,0,1,0.8049955815761548,0,0,0
75,3,0,0,0.5172833587780652,1,1,1
74,6,0,0,0.5507008499113678,1,0,0
62,5,1,0,0.6957747888741794,1,0,0
50,7,0,1,0.7238323923790512,0,0,0
56,5,0,0,0.5473280809768492,0,0,0
89,7,1,0,0.8921365814620532,0,1,0
67,5,1,1,0.674839024840014,1,1,1
69,1,0,1,0.6740728309079679,1,1,1
69,1,1,1,0.8008785822413821,0,1,0
82,7,0,0,0.7267965103078501,1,1,0
52,1,0,1,0.9007458263230463,1,1,0
53,4,0,0,0.58198394319588,1,0,0
61,1,1,1,0.4984704125285747,0,0,0
69,3,0,0,0.6942382385162507,1,1,1
77,5,1,0,0.7608425111283024,0,0,0
70,2,0,1,0.5266639300624463,0,0,1
68,4,1,1,0.5002043588939533,1,0,1
88,8,0,0,0.7828136008208374,0,1,1
56,1,0,0,0.6135994978833068,1,0,0
73,1,1,1,0.48854789093875445,0,0,0
72,3,0,1,0.9237614326165313,1,1,0
69,7,1,0,0.6362769588731234,0,1,1
83,4,1,1,0.9569660886957644,0,0,0
60,6,1,1,0.7551247423996968,0,1,0
89,1,0,0,0.8030565951699546,0,1,0
63,6,1,0,0.7119300457025665,1,1,0
72,1,1,0,0.2720707959817746,0,0,0
71,6,0,0,0.5453784316103333,0,0,0
84,2,1,0,0.7273722972506296,1,0,0
67,7,1,0,0.8156512447126868,0,1,1
61,3,1,0,0.42785867597013827,0,0,1
50,2,1,0,0.740351692585117,1,1,1
64,3,1,0,0.5479924643014743,0,0,0
83,1,1,0,0.7922316297161377,0,0,0
50,2,0,0,0.7465078585740315,0,1,0
86,5,1,0,0.8838302884373233,1,0,1
72,3,0,1,0.9420281274337534,1,1,0
55,3,0,1,0.8326181818693252,0,1,0
62,7,1,0,0.9048708460147035,1,0,0
72,1,0,1,0.6869383543337091,0,1,1
62,4,1,1,1.0,0,1,0
54,2,0,0,0.5306125626309214,1,1,0
77,4,0,0,0.6550039599763222,1,0,1
77,3,0,1,0.9122445448944407,1,0,0
54,1,1,1,0.8854898348749787,0,0,0
61,1,0,0,0.8377300234456228,1,1,0
59,7,1,0,0.8715573584387594,1,0,0
77,1,0,0,0.3749597121709127,0,0,0
79,7,0,0,1.0,0,0,0
79,8,0,0,0.7132996274040093,0,0,0
88,4,0,0,0.9742609528087534,1,1,1
81,3,1,0,0.3839652157857679,1,1,1
63,7,0,0,0.7961823306266144,1,1,1
54,8,1,0,0.6485695897539272,0,1,1
75,1,0,1,0.8529816272846346,0,1,0
87,8,1,1,0.8070726814443923,1,1,1
89,8,1,0,0.815888603549852,1,1,0
59,2,0,1,0.5593904961183316,0,1,1
59,1,0,1,0.73974555825265,0,0,0
51,6,1,1,0.7175699313727186,0,0,0
55,1,0,0,0.8391558075073379,0,1,0
72,5,1,0,0.928073459178024,0,1,0
72,1,1,0,0.7770856659615506,1,0,0
65,6,1,0,0.5202889880900523,1,0,1
62,2,1,1,0.7693641857220183,0,1,0
84,1,1,1,1.0,0,1,0
68,1,1,0,1.0,0,1,1
83,2,0,0,0.2146080787036142,1,1,1
89,5,1,1,0.7614017676650721,0,0,0
63,1,0,0,0.917781514545962,0,1,0
58,7,0,1,0.7171811377377637,1,0,0
89,5,1,0,0.667183634374101,0,1,1
76,3,1,0,0.7019464412849721,0,1,1
61,8,1,0,0.8493941073782374,0,1,0
75,6,0,0,0.5432754046124983,0,1,1
71,6,0,1,0.9639639572896868,1,0,0
87,2,1,0,0.7399212614943476,1,1,1
60,6,0,0,0.5816956306599211,1,1,1
90,5,1,0,0.9523830290517652,0,0,1
88,8,0,0,0.47187643707990456,0,0,1
57,4,1,0,0.6500621825397149,0,1,1
56,6,0,1,0.6470984882486704,0,1,0
71,3,0,1,1.0,0,1,0
51,1,1,1,0.6266962616449002,1,0,1
62,2,1,0,0.3621062603099811,1,1,1
67,7,1,0,0.6452732792497545,0,1,1
89,6,1,0,0.83199906253286,1,0,0
90,3,0,0,0.8911352183850487,1,1,0
56,6,1,1,1.0,0,0,0
86,1,0,1,1.0,1,1,0
53,1,1,0,0.7838260669047273,1,1,0
80,5,0,0,0.5895452158365401,0,0,0
84,5,0,0,1.0,1,1,1
86,8,0,0,0.6836585609412783,1,1,1
59,7,1,1,0.6315316974813712,0,0,1
86,3,1,0,0.6749267156122674,1,1,1
54,7,0,1,0.5245881169985743,1,0,0
71,4,1,0,0.6662963835892244,0,0,0
69,7,1,1,0.7080405006038852,0,0,1
62,2,1,1,0.8815181890461813,0,0,0
50,1,1,0,0.6801440996818167,0,0,0
81,1,0,1,0.5218573364690673,0,0,1
63,8,0,0,0.461321012053794,0,1,0
77,1,1,1,0.7877225545541608,1,1,0
66,8,0,0,0.7630726536244604,0,1,0
65,6,1,1,0.6502237119816298,1,1,0
86,2,0,1,0.6658578371114272,1,0,1
53,7,0,1,0.8199276479038506,0,1,0
80,2,1,0,1.0,1,0,0
80,2,1,1,0.6095739748540822,0,0,0
65,5,1,0,0.7660025105187779,0,1,1
60,3,1,1,0.9224886727209582,0,0,0
50,3,0,1,0.6102994277644951,0,0,0
88,2,1,0,0.7471862193786051,0,1,0
88,5,0,0,0.7431607914442201,1,0,1
59,1,0,0,0.5139668576921665,0,1,0
51,2,1,1,0.7803297830578121,1,0,1
55,5,0,1,0.7556780421487976,0,0,0
52,4,1,1,0.8499151649272905,0,0,0
84,6,0,0,0.5363604345610717,0,0,0
86,2,1,1,0.7517946693470204,0,0,0
56,6,0,0,0.9987121314580456,1,0,0
80,7,0,0,1.0,0,1,0
57,4,0,0,0.9804232684148897,1,1,0
65,3,0,0,0.5381271289829563,1,0,1
74,5,1,1,0.8311894827678528,0,1,1
79,5,1,0,0.6630336165069995,0,0,0
85,1,0,0,0.8011021067633858,1,1,0
51,5,1,0,0.6110009929601538,1,0,1
58,2,0,0,0.441574780466586,0,1,0
61,5,1,1,0.6879868970340302,0,0,1
62,8,1,0,0.8800684853898028,0,1,1
90,5,0,0,0.801839955985286,1,1,0
81,7,1,0,0.8225306147845837,1,0,0
63,3,0,1,0.7889430581362881,0,0,0
89,8,0,1,0.822814945472228,1,0,0
70,7,0,1,0.8453121166356063,0,0,0
70,8,1,0,0.7005573427881687,0,0,1
67,6,0,0,0.764920301055531,0,1,1
55,6,0,0,1.0,0,1,0
88,5,0,0,0.775565585220205,0,0,0
50,8,0,0,0.7576614293617052,1,1,1
57,7,1,1,0.7685192113007518,0,0,1
59,4,1,1,0.7107764667030805,0,1,1
61,1,0,1,0.6716359265302555,0,1,0
55,1,0,1,0.7875621343857777,1,1,0
50,2,0,1,0.6589712636473528,1,1,0
77,1,0,0,0.7238073126941013,0,0,0
89,2,1,0,0.6077073528252683,1,1,0
54,1,0,0,0.7694421248161771,0,0,0
62,8,0,0,0.855155089951685,0,0,1
70,1,1,1,0.7118553252160352,1,1,1
88,6,1,0,0.3884918813599232,0,0,1
78,3,0,1,0.8562668779299849,1,1,0
81,2,0,1,0.7716330916967569,1,0,0
73,6,1,0,0.5712183389975772,0,0,1
67,8,0,1,0.8891886436181892,1,1,1
58,7,0,0,0.49828346387114747,1,0,0
85,8,1,0,0.9381733707584042,0,1,1
82,5,1,0,0.7396740084635017,1,1,1
51,6,1,0,0.3416042864320805,1,1,1
79,2,0,0,0.7820993257073827,0,1,0
53,7,0,1,0.6768853737436316,0,1,0
80,6,0,1,0.6497671274718355,0,1,1
83,3,1,1,0.6172093629378808,0,1,1
55,3,1,1,0.7271011576452229,0,0,0
67,5,0,1,0.6626660373899146,0,1,1
55,1,1,1,0.41579575622609066,1,0,1
73,7,0,0,0.9789722196018968,0,0,0
88,3,0,1,0.7060156219268751,1,0,0
53,1,1,1,0.6182516971419126,1,1,0
66,3,0,0,0.5468837371418405,0,0,1
89,7,0,0,0.8887317721415258,1,0,1
62,3,0,1,0.5162822455626255,1,1,0
55,5,1,1,0.774117714334434,0,0,0
70,7,0,0,0.6449431796627554,0,1,1
70,1,0,0,0.6554244610987802,1,1,0
77,7,1,0,0.551359284424338,1,1,1
62,3,0,0,0.6383425021461011,1,0,1
89,6,0,1,0.7515862304712344,1,0,1
71,2,1,0,0.7923562007428188,0,1,0
61,2,1,0,0.608593353369064,0,0,0
89,7,1,1,0.7336318075612654,0,1,1
87,7,0,1,0.909921797574676,0,1,1
70,8,1,1,0.45072685974916693,0,0,1
51,6,0,1,0.7488715847534653,0,0,0
74,4,0,0,0.5788588898276088,0,0,0
72,2,0,1,0.5605168490190243,1,0,0
56,3,0,1,0.7969820723396581,1,0,0
75,6,0,1,0.6518547356398393,0,0,1
84,3,0,0,0.530975437277682,1,1,1
54,4,0,0,0.9883709745725977,1,0,0
79,2,0,1,0.9156161125797293,0,1,0
55,4,1,0,0.4021849278553496,0,0,1
80,2,1,1,0.4846029369596278,1,1,1
67,1,0,1,0.8568222728373627,0,0,0
50,2,1,1,0.6987227100532555,0,0,0
89,5,1,1,1.0,1,1,1
56,3,1,1,0.8609405517373818,1,1,1
74,1,0,1,0.8039037942937196,0,0,0
57,5,0,1,0.5660647154714213,1,1,1
88,2,0,0,0.8384592530756049,1,1,1
80,1,0,0,0.520362488144916,0,1,0
82,2,0,0,0.9849440160138123,0,1,0
67,4,1,0,0.8259849460232835,0,1,0
69,8,0,0,0.6015304961836334,0,1,0
76,2,1,0,0.8948419370638167,1,0,0
82,3,1,1,1.0,0,1,0
84,2,0,0,0.7108289220342988,1,1,0
50,3,1,1,0.8490743741444327,0,0,0
77,6,0,1,0.6722707224556197,1,0,1
54,3,1,1,0.7653633991713021,1,0,1
61,6,1,0,0.4786977791943395,1,1,1
84,8,1,0,0.7499046875689442,0,1,1
60,8,0,1,0.75784391936951,1,1,1
82,5,0,0,1.0,0,1,0
68,6,0,1,0.42689943971339706,1,1,0
59,8,0,0,0.6994409773605997,0,0,1
63,7,0,1,0.9818610992095864,0,1,0
71,3,1,0,0.7064811307562239,1,0,1
81,2,0,1,0.7191585240627004,1,1,1
74,1,0,0,0.6000133755212087,1,1,0
88,8,1,0,0.5821310315527036,0,0,1
85,5,0,1,0.4213463221500326,1,1,0
80,3,0,0,0.6367412554240522,1,1,0
74,3,1,0,0.5719160900798178,1,1,1
61,3,1,1,0.7712469900582732,0,0,0
66,7,1,0,0.6082197235637283,0,1,1
54,5,0,0,0.6636736226912688,1,0,0
65,8,1,1,0.6686030292496212,0,1,1
87,3,0,0,0.741330267187733,0,1,0
67,4,0,1,0.6548659938471286,1,1,1
54,1,0,0,0.5588785038113162,0,0,0
76,8,1,0,0.7654379599106109,0,1,1
89,5,0,0,0.94214697892763,0,0,0
85,5,0,0,0.7731239152423394,1,1,0
61,4,0,1,0.640232321117048,0,0,1
68,3,0,1,0.7278336470831475,1,0,0
71,8,0,1,0.380886101335823,0,0,1
60,4,0,1,0.7249075050830044,0,1,0
61,6,0,0,0.6779362135637149,0,0,0
59,1,1,1,0.5819771355588278,1,1,1
90,3,1,0,0.6146222965802458,0,1,0
80,7,1,0,0.6761577897228636,0,1,1
84,1,1,0,0.9286424896811684,0,0,0
83,1,1,1,0.9465708750204167,1,0,0
89,7,1,0,0.582937470919594,0,0,1
54,3,0,1,0.6567460728161891,0,1,0
86,3,1,0,0.6613338076880559,0,1,1
52,5,0,0,0.8957181927990224,1,0,0
69,2,1,1,0.776191179473691,0,1,1
74,1,0,0,0.7667021752753875,0,1,0
64,1,0,0,0.8465272704158141,1,1,0
55,1,1,1,0.6426455864860323,1,0,0
57,2,0,0,0.9954995833837303,1,0,0
83,6,0,0,0.7496859616643637,1,1,1
63,3,1,1,0.5959357596854556,0,0,0
62,1,0,1,0.7086647561163888,1,1,0
87,1,0,0,0.971747098357417,0,1,0
55,4,1,1,0.673474415522921,1,0,1
87,7,1,0,0.9209204038280697,1,0,1
87,3,0,0,0.6374377573011261,1,1,1
74,1,0,0,0.6121805345800848,0,0,0
56,2,1,1,0.8687275339069725,1,1,0
56,4,0,0,0.5926849390837666,0,0,0
61,2,0,0,0.8980572450291052,1,0,0
73,8,0,1,0.8132926798242028,1,1,1
56,7,1,1,0.5927530917958335,1,0,1
68,3,0,0,0.7371403060810199,1,1,0
54,8,0,1,0.6512206276992832,1,0,0
72,3,0,0,0.8128157802004308,1,0,0
50,2,0,1,1.0,1,1,0
79,8,1,0,0.683273171480264,0,0,0
52,8,0,0,0.8460797292945312,0,0,0
57,3,0,1,0.7543993155001528,1,0,0
57,5,0,1,0.7543303865513724,1,0,0
84,2,1,1,0.7202630782683257,0,0,0
52,6,1,1,0.5956648596567202,0,0,0
67,6,1,0,0.8103251908708419,1,0,0
74,6,0,1,0.69802648501451,0,0,0
71,5,0,1,0.5871359849270293,0,0,0
77,6,0,1,0.9325511872046938,1,0,1
82,5,0,0,0.7678217320864217,0,0,0
66,7,1,0,0.7089421876782169,0,1,1
83,2,1,1,0.9912101906543336,1,1,0
63,4,0,1,0.4195053236040604,0,0,1
90,4,1,0,0.979107744671236,1,0,0
70,5,1,0,0.5915661691554809,1,1,1
80,2,0,0,0.7880758570947936,1,1,1
85,3,1,0,0.644148524258272,1,1,1
82,8,0,1,0.5838598127185637,0,0,0
84,1,0,1,0.9864995746743183,0,1,0
71,6,0,1,1.0,0,1,0
51,6,1,1,0.7101793828828059,0,0,0
70,4,1,0,0.8103854463949731,1,0,1
57,1,0,1,0.76025842529925,0,1,0
86,1,1,0,1.0,0,1,0
59,3,0,0,0.36963291945836374,0,1,0
59,1,0,0,0.8178822194286396,0,1,1
60,1,0,0,0.619117263454092,0,1,0
76,2,1,0,0.3259264761351878,0,1,1
73,2,1,0,0.6851045824627366,0,0,0
88,7,0,0,1.0,1,0,1
67,6,1,0,0.631911145727928,1,0,1
61,1,1,1,0.8923377911816299,0,1,1
52,6,1,1,0.9657609954714059,1,1,0
50,2,0,0,0.747714575528486,1,1,0
65,4,1,1,0.7716820113140326,1,0,0
87,1,0,1,0.4410663768225999,1,1,1
71,1,0,0,0.6210905046289237,1,1,0
86,2,0,0,0.9132613723793992,1,1,0
54,4,1,0,0.7609222374666722,1,1,1
53,4,1,1,0.8161214594598628,1,1,0
84,3,1,0,0.7739683643429491,1,1,1
54,5,1,0,1.0,0,0,0
52,6,1,1,0.6725064303860518,0,1,1
66,6,1,1,1.0,1,0,0
87,5,1,1,0.7740305799972118,1,1,1
78,5,1,0,1.0,1,1,0
54,4,1,0,0.529503943933533,1,0,1
84,2,1,0,0.7832373973735549,0,1,0
84,4,0,0,0.6791363788937754,0,0,0
82,1,0,1,0.7751050204530071,1,1,0
87,8,1,0,0.970027727279903,0,1,1
59,3,0,1,0.8181857289644302,0,0,0
90,7,1,0,0.9696688842048489,0,0,1
63,8,1,1,0.6293602032106899,0,1,0
82,4,1,1,0.6018897976457311,0,1,1
73,7,1,0,0.7528989131647079,0,0,0
81,4,0,1,0.7430426078896046,1,0,0
75,2,0,1,0.7165453136116453,0,0,0
76,1,1,0,0.5774462893792767,0,0,0
75,2,1,0,0.9657572861733399,1,1,0
81,8,0,1,0.6846893038859723,0,1,1
80,4,1,1,1.0,0,0,0
55,3,0,0,0.7522938057367304,0,1,0
83,4,1,0,0.866717207546528,1,1,1
71,3,1,0,0.8503877357334628,1,1,0
63,7,1,1,0.6016305467368466,0,0,0
71,8,0,1,0.816096525879448,0,0,1
89,1,0,0,1.0,1,1,0
85,6,1,0,0.7952902055580642,0,0,0
84,3,1,1,0.9122298131207415,0,0,0
68,1,0,0,0.8747889320265934,1,1,0
82,8,0,1,0.8052689385056977,0,0,1
65,1,1,1,0.7835661691904544,1,1,0
78,2,0,1,0.8485168006418341,0,1,0
76,1,1,1,0.8873908583656103,1,0,0
60,4,0,1,0.5066104697308069,0,1,1
60,5,0,0,0.7945145200373619,1,1,1
52,3,0,1,0.716865981465483,0,0,1
55,1,1,1,0.6795251681426925,0,0,0
67,1,1,1,0.9832735882251432,1,1,1
69,8,0,0,0.6180336753485064,1,1,1
56,7,0,1,0.4989415691441997,0,1,1
67,8,1,1,0.8932289205694538,1,0,0
74,5,0,0,0.4943291058203,1,0,1
59,5,1,0,0.40297024596745856,1,1,1
63,7,1,1,0.9134881841981938,0,1,0
65,5,0,1,0.7785700051012479,0,0,0
70,4,0,1,0.8350895329263797,1,1,0
65,3,1,0,0.670363036539668,1,1,1
80,4,0,0,0.5008068963103766,0,0,1
63,1,1,1,0.5365583015488199,0,1,1
67,2,0,0,0.701005998102369,1,1,1
65,6,1,1,0.5209674855747525,0,0,1
57,7,0,1,0.8052695232682175,0,1,0
78,1,1,0,0.6667575711538046,1,0,0
59,1,1,1,0.783306488525755,1,0,0
62,1,0,1,0.7779266630807575,1,1,0
82,7,1,0,0.8196239197964148,0,0,1
88,3,1,0,0.8399068549120198,0,1,0
77,3,1,0,0.6880978936597358,0,1,0
87,1,0,1,0.7831144679940895,1,1,1
85,8,0,0,0.7924814631156314,1,0,1
69,4,0,0,0.3127997443631943,0,1,0
81,7,1,0,0.8663746342547083,1,0,0
63,6,1,0,0.7769895953196452,1,0,0
68,2,0,0,0.8515287957438428,0,0,1
71,7,0,1,0.5183681528194928,0,1,0
89,5,1,1,0.6931608284707692,1,1,1
84,5,1,0,0.5535246978181956,0,0,0
70,2,0,1,0.8840282477183176,1,1,0
76,7,0,1,0.49707902242767105,1,1,1
58,8,1,0,0.5828421392539822,0,0,0
82,4,1,1,0.8461765430889566,0,1,1
72,1,1,1,0.6367125841900954,0,1,0
71,7,1,0,0.5828896817779694,1,1,1
81,8,0,1,0.9132094973172329,1,0,0
75,5,0,0,0.9205881161865362,0,0,0
52,5,0,1,0.8799728146573798,0,1,0
61,2,0,1,0.9027677413092527,1,0,0
57,1,0,0,0.7083157297911499,0,1,0
80,8,0,1,0.7131732645654092,0,1,1
51,4,0,0,0.6333453698639515,1,1,1
58,3,1,0,0.7801912501888759,1,0,0
74,6,0,1,0.6549783010813474,1,1,1
78,1,1,0,0.6720480829331441,1,1,1
70,1,0,0,0.857982078116922,0,1,0
85,2,0,1,0.9632170641925883,1,1,0
87,4,1,0,0.8216868457686171,0,0,1
55,3,1,1,1.0,0,0,0
89,2,1,0,0.6230071970341053,0,1,1
75,3,0,1,0.41916456494233345,1,0,0
76,3,0,0,0.8786330201261198,1,0,0
53,5,0,0,0.6110699605235883,1,1,0
75,5,1,1,0.7007353964804346,0,0,0
79,8,0,1,0.4314366281781977,0,1,1
73,7,0,0,0.5881421554777513,1,1,0
53,3,0,1,0.4795990650157375,1,0,0
71,8,1,1,0.6718254125843454,0,0,0
88,5,1,0,0.6789807311010689,1,0,1
79,2,1,0,0.7661928740786776,1,1,1
55,3,1,0,0.9731501335839315,1,0,0
89,6,1,1,0.8718431276816073,0,1,1
89,7,1,0,0.45800946548211346,0,1,1
56,3,0,1,0.8594427784103141,1,0,0
82,2,1,1,0.7701158455394628,0,1,1
66,2,0,0,0.7323912422335024,1,1,1
74,1,0,0,0.7459140846112994,1,1,0
68,6,0,1,0.7868194370555259,0,1,0
82,5,0,1,0.6254603776175582,1,1,1
90,4,1,0,0.7171768456455646,0,0,0
82,6,1,1,0.9631090423005301,1,1,1
88,7,1,0,0.623296958803404,0,0,1
88,7,1,0,0.5646201642884828,1,1,1
53,2,0,0,0.7388926773827068,1,1,0
60,5,1,1,0.5464980377838574,0,0,0
79,8,1,1,0.43989903813821907,1,1,1
74,7,0,1,0.687995908126533,0,1,0
52,3,1,1,1.0,1,1,0
53,4,1,0,0.7430512627421593,1,1,1
71,8,1,0,0.7821438770006784,0,1,1
75,1,1,1,0.36657329553279744,1,1,1
56,5,1,0,0.8288625886393705,0,0,1
57,1,1,1,0.7668058550357626,1,1,1
55,8,0,1,0.6303153309529163,1,0,0
73,1,1,0,0.7824090848524273,1,0,1
50,1,0,1,0.7806218910884328,1,0,0
73,3,0,1,0.5592921728955716,0,1,0
69,2,1,0,0.8097336708203837,1,0,1
69,4,0,1,0.9654843760548878,0,1,0
77,3,1,0,0.708970534414767,1,1,1
71,3,0,0,0.5938330435613206,0,1,0
79,5,0,1,0.7180355874356888,0,1,0
81,5,0,1,0.9038303751115971,1,0,0
87,8,0,0,0.529262608926491,1,1,1
82,4,1,1,0.8541404865811526,0,1,1
71,5,0,1,0.6279573974663135,0,1,1
70,6,1,1,0.7935713546483527,1,1,1
59,2,1,1,0.6484203704917986,0,1,1
74,6,0,0,0.647936948085319,0,1,1
55,7,1,1,1.0,0,1,0
88,3,0,0,0.4963644137039715,0,0,1
84,2,0,0,0.837365911958198,0,1,0
54,3,1,0,1.0,0,1,0
82,3,1,0,0.8733939467651081,0,0,0
54,5,1,1,0.5104025365729472,1,1,0
79,7,0,1,0.519315508395227,0,0,0
53,5,0,1,0.6147074322036478,0,1,0
70,2,1,0,0.7784234240735775,0,0,0
76,3,1,1,0.7906696849360294,1,1,1
79,6,1,0,0.5210946202260553,0,1,0
67,3,0,0,0.592903657479546,1,0,0
87,5,1,0,0.6039331523435963,0,0,0
81,6,0,1,0.7174655745393193,0,1,0
58,3,0,0,1.0,1,1,0
77,6,0,1,0.5820263281877794,1,0,0
79,4,0,1,0.5741475900355582,0,1,1
63,2,1,1,0.546034746874108,0,0,1
80,3,0,0,0.8643980228236018,1,0,1
86,4,1,1,0.7425585126560816,0,0,0
83,1,0,0,0.5886792213294074,0,0,1
81,8,1,1,0.6846967949199002,0,0,1
76,5,0,1,0.6075281458276138,1,0,1
61,1,0,0,0.8032604306140642,1,0,0
82,7,0,0,1.0,1,0,1
64,7,1,1,0.8491555930246026,1,0,0
71,1,0,0,0.7332620672806746,0,0,0
62,2,1,1,0.6303044122521685,0,0,0
62,3,1,1,0.5081879852607271,1,0,0
56,5,0,1,0.8820641516525464,1,1,1
89,6,1,1,0.8722837521059376,0,0,0
56,4,0,0,0.6661018205956549,1,0,0
53,5,0,1,0.9684001169296713,1,1,0
88,1,0,1,0.7537992489993153,1,0,1
72,6,1,0,0.8894569323711243,1,1,1
67,8,1,0,0.803315460365942,1,0,0
80,5,0,0,0.7181155416220251,0,0,0
65,4,0,0,0.5781207699646523,1,0,0
55,3,1,0,0.7238034133747192,0,1,0
79,8,0,0,0.9015691204010725,1,0,0
57,1,1,1,0.6585356798581031,1,0,1
72,3,1,0,0.8291534512085721,0,1,1
88,2,0,0,0.5551075412356794,1,1,1
88,7,1,0,0.8904105005034645,1,1,1
64,4,0,1,0.8063294405681931,1,0,1
81,8,1,0,0.5336200634094298,0,0,1
75,6,0,0,0.7096773857661098,0,1,0
69,5,1,1,0.9176593636773065,1,1,1
55,5,1,0,0.5233741426824197,0,1,0
65,2,0,0,0.5572289570475119,1,0,0
76,5,0,1,0.7374905481384312,0,1,1
90,6,1,1,1.0,0,1,1
50,8,1,1,0.6289359448728904,1,0,0
79,5,0,1,0.8391493199253892,0,1,0
84,8,0,0,0.7968243733682432,1,0,0
88,8,0,1,0.6438864179522021,1,0,1
67,5,1,0,0.7790040033212775,0,1,0
54,4,1,0,0.669389760822908,1,0,0
61,2,0,1,0.6855951377790279,1,0,0
84,3,0,0,0.450971057500836,1,1,0
85,8,0,0,0.745601477724062,1,0,1
76,2,0,1,0.9118368311920592,1,0,0
55,4,1,0,0.7603366394603434,0,0,0
54,6,1,1,0.9462913969480373,0,0,0
69,2,1,0,0.854458940270103,0,1,0
74,8,0,1,0.7392825648605604,0,1,0
51,6,0,0,0.6369734004587726,0,1,1
78,1,0,0,0.6624725312349473,1,1,0
72,2,0,0,0.4853081146913182,1,1,1
50,6,1,1,0.7019257997823013,0,0,1
53,7,0,0,0.7762797765415477,1,1,1
68,8,1,1,1.0,1,1,0
79,7,0,0,0.8450976581901978,1,1,0
83,1,1,1,0.5943262835751641,0,0,1
67,6,0,1,0.4909137104066149,0,1,1
62,1,0,1,0.7128206243031769,0,0,0
89,1,0,0,0.8961176004289948,0,0,0
68,6,1,1,0.7102890593950102,1,1,1
62,4,1,1,0.8475571515010072,1,1,1
68,6,1,1,0.7173974191346061,1,1,1
50,7,1,0,0.8790600782488078,1,0,0
62,1,0,1,0.46249355591298097,1,1,1
71,5,0,1,1.0,1,1,0
87,7,0,1,0.5497529793197321,0,1,1
80,4,0,0,0.8928718193513598,0,0,0
82,5,0,1,0.7010068809595881,1,1,0
72,4,0,1,0.7291509779339579,1,0,0
54,8,1,0,0.7066016569253734,0,1,0
66,1,0,1,0.7960088253092688,1,1,1
90,8,0,1,0.8323544177905611,1,1,1
51,7,0,0,0.9405050721281523,0,0,0
86,7,1,1,1.0,1,0,1
78,4,1,1,0.8097278784198064,0,0,0
61,5,1,0,1.0,0,1,0
81,3,0,1,0.7667350577080461,1,1,1
84,3,0,0,0.9439392652055263,1,0,0
51,8,0,0,0.8271695411231065,0,1,0
54,5,1,1,0.6511431663434342,1,1,0
77,6,0,1,0.7826221477883719,1,1,0
90,1,0,1,0.8405709379516425,1,0,0
50,7,0,1,0.7442043363475307,0,0,0
77,6,0,0,0.8243141732395601,1,0,1
55,8,0,1,0.9057653326788411,1,0,0
76,2,1,0,0.7457928344407393,0,1,1
75,5,1,0,0.22010021963715343,1,0,1
53,5,0,0,1.0,1,1,0
77,5,0,1,0.6964335425603408,0,0,1
86,1,1,1,0.6018095602501864,0,0,0
85,4,1,0,0.5476601467824929,0,1,1
51,3,1,1,0.6894397375799439,0,0,0
60,5,1,1,0.6487053903629433,0,0,0
59,2,0,1,0.6173382965007557,1,1,0
68,4,0,1,0.6272172714279769,0,0,1
55,5,0,0,0.8453537083307681,0,1,0
85,1,0,0,1.0,1,0,0
81,7,0,1,0.8977028876426822,1,0,0
83,6,0,1,0.9520676732558226,0,0,1
58,1,1,1,0.6820661943395869,0,0,0
50,1,1,0,0.7688397657991041,0,0,0
87,7,1,1,0.8267668327614517,0,0,0
61,3,0,0,0.6312795791443014,0,0,0
76,7,0,0,0.6733685873011589,0,0,0
87,4,1,0,0.9038193524999538,1,1,1
51,3,1,0,0.9462526959180196,0,0,0
50,3,1,0,0.7621338485127465,1,0,0
50,6,1,1,0.5348717074598293,0,1,1
56,1,0,0,0.6967934430208216,0,1,0
52,4,1,0,0.4905603957889431,0,1,1
83,3,0,0,0.7635364337702508,0,0,0
74,2,0,1,0.7959725600288554,0,0,0
90,3,1,1,0.7012721242132003,0,1,1
82,5,0,1,0.7935080200289768,0,0,1
89,6,0,1,0.825042223035091,1,1,0
59,1,0,0,0.7962351677232823,0,0,0
61,7,0,0,0.5337245473865526,1,1,1
84,8,0,0,0.704412421407715,0,1,1
60,6,0,0,0.8237717360879282,0,0,1
52,8,0,1,1.0,0,0,0
77,4,1,0,0.7010533649570345,0,0,0
82,7,0,1,0.8491512360806598,0,0,0
89,6,1,0,0.9080673441462882,0,0,0
88,5,0,0,0.7146070142929393,0,1,1
54,2,1,1,0.9567133945477212,0,1,0
81,5,0,0,0.9663912896575614,0,0,0
84,8,0,1,0.9984692521310143,1,1,1
78,8,0,1,0.8325177904173957,0,1,1
83,4,1,1,1.0,1,0,1
84,2,1,0,0.6392490397024186,0,1,1
68,6,1,1,1.0,0,1,1
51,1,1,1,0.8882939079585179,1,0,0
68,2,1,0,0.9912697199448093,0,1,0
58,5,0,1,0.692393204182492,0,0,0
54,8,0,1,0.9020054465334773,0,0,1
55,3,1,0,1.0,0,1,0
78,4,1,1,0.554275444129703,1,0,1
70,3,0,1,0.7206012692732245,1,0,1
72,4,1,0,0.3645745161183862,0,1,1
80,1,1,1,0.7179000641671518,0,0,1
72,5,0,1,0.6031185251771845,1,0,1
75,5,1,0,0.7108018161659877,0,1,1
53,3,1,0,1.0,1,0,0
84,3,0,1,1.0,1,1,0
68,7,1,0,0.49089944339388625,1,1,1
56,2,1,1,0.8500328942878929,1,1,0
83,1,1,1,0.8938075956706629,0,0,0
80,1,1,1,0.6891785243931738,1,0,1
52,8,1,0,0.7820953685685389,1,1,1
57,3,1,0,0.7996767973346997,1,0,0
50,1,1,0,0.5076099528848652,1,0,1
61,8,0,1,0.5643607162644934,1,0,1
54,2,0,0,0.7810134093193782,0,0,0
79,3,0,0,0.7678924550367181,1,0,0
71,1,0,0,0.6224587112248916,1,0,0
90,6,1,1,0.6070122948263079,0,1,0
80,6,1,1,0.7338397350591829,1,1,1
75,7,0,1,0.9095071715369891,1,0,0
70,3,0,0,0.7362325612295634,0,0,1
52,3,1,0,1.0,1,0,0
52,8,0,0,0.624752301420739,1,0,1
75,7,1,0,0.7847597642618687,0,0,0
50,1,0,0,0.6862268227612789,0,1,0
51,6,0,1,0.8558329703543598,0,0,0
58,7,0,0,0.6093141811994647,0,0,0
86,5,0,0,1.0,1,0,0
68,6,1,1,0.4456897674463189,1,0,1
79,1,0,1,1.0,1,1,0
66,1,0,0,0.7661979244395899,0,1,0
57,1,0,1,0.8494364247144444,1,0,0
65,2,0,0,0.9902144825565524,0,0,0
53,8,1,1,0.9043790691298925,0,1,0
81,6,1,0,0.618595160197249,1,0,1
57,7,1,0,0.8580161199472683,1,0,1
65,3,1,1,1.0,0,0,0
90,8,0,0,0.590287491811052,0,0,0
74,2,0,0,1.0,1,1,0
68,8,1,0,0.8194264474743416,1,1,1
72,1,1,1,0.6720190010543536,1,1,1
82,1,1,1,0.5892079107705143,0,1,1
60,1,0,0,0.7098083266065105,0,1,0
76,7,1,1,0.39804990040731086,0,0,1
85,3,1,0,0.6752559955694183,0,1,0
73,4,0,1,0.7026730961059899,0,0,0
68,4,0,0,0.5566055431597645,1,1,1
55,7,1,0,0.8846121350827848,0,1,0
60,3,0,0,0.7106220681979103,0,1,0
88,1,1,0,0.635556981969403,0,1,0
72,4,1,0,0.6914398916876622,1,1,1
62,3,0,0,0.8139193451968525,1,0,0
67,6,0,0,0.763179817884059,1,1,0
73,7,1,1,0.623824484144236,0,0,1
72,1,0,0,0.77261762532728,0,1,1
78,7,1,0,0.7408783276380737,1,0,1
60,1,0,1,0.5448964398332138,0,0,0
76,5,0,0,0.6980691551686931,1,1,1
68,4,1,1,0.8542808886757598,0,0,1
88,3,1,1,0.8529848867813715,0,1,0
56,4,1,1,0.7086064201673892,0,0,0
56,3,1,1,0.8718191030614758,1,0,0
68,7,1,1,0.5736080105427681,1,0,1
70,8,1,0,0.5791821891252014,1,0,1
78,7,1,1,0.7047741066071375,1,0,0
66,4,0,1,1.0,1,0,0
87,5,0,1,0.7793852927768771,0,1,0
69,4,1,0,0.700434154260161,1,1,0
55,7,1,0,1.0,0,0,0
54,5,1,0,0.6983510816633631,1,1,1
89,4,1,1,1.0,1,0,0
55,4,1,0,0.6579690377482658,1,1,1
88,4,1,1,0.5678888287347659,0,1,1
61,5,0,0,0.7200548445266624,0,1,1
53,6,0,0,0.705164833049337,1,0,0
62,4,0,1,0.6046104042571291,0,0,0
75,7,1,1,1.0,1,0,1
67,7,1,1,0.807352782204945,1,1,1
82,4,0,1,0.833564923260885,1,1,0
75,8,0,1,0.6668617319153541,0,0,0
66,2,0,1,0.6460195107458766,0,0,0
76,8,0,0,0.934600504029186,1,0,1
89,3,0,1,0.44834848093384305,0,1,0
66,5,0,1,0.5442843948977336,0,0,0
56,3,1,1,0.7054844689906402,0,1,0
66,4,1,1,0.9931885150141762,0,1,0
84,3,0,1,0.6825869448654948,1,1,1
58,6,0,0,0.8249072803093553,1,0,0
88,1,1,1,0.7549911622898565,0,1,0
74,7,1,1,0.9833265143286255,0,0,0
74,8,1,0,0.4647498567216742,0,0,1
62,5,1,1,0.8824733766700998,0,1,1
87,5,0,1,0.7141981926463326,0,1,1
51,6,1,1,0.9164791549054934,1,1,1
62,2,1,1,0.6025292209019433,1,1,0
67,6,1,0,0.754390752575311,1,0,0
69,2,1,1,0.7315487920357169,0,1,1
69,6,0,1,0.5695616151623257,1,0,0
56,3,0,0,0.5195256576695465,0,1,0
59,6,1,1,0.6455259548646344,0,1,1
53,7,0,0,0.7733876032190999,1,0,0
73,2,0,1,0.6137557996251913,1,0,1
64,5,0,1,0.6905867586549927,1,0,0
73,4,1,1,0.41055647619295726,1,0,0
74,3,0,1,0.6832830143129286,1,1,1
78,5,0,0,0.9342455963925012,1,0,0
72,8,1,0,0.876932458674615,0,0,0
76,1,1,1,0.7343540513351141,0,0,0
74,8,0,0,0.7938574905025494,0,0,0
76,7,1,1,0.6009131287930517,0,1,1
75,5,1,0,1.0,0,1,0
62,5,0,1,1.0,1,1,0
60,3,0,1,0.7796682535270753,0,0,0
82,2,1,0,1.0,1,0,0
64,5,0,0,0.6275671731236384,1,0,0
72,7,0,0,0.5248057367875885,0,1,1
58,2,1,1,0.6222677242630588,0,0,0
67,6,0,0,0.7104917522865016,1,1,1
71,6,0,1,1.0,0,1,1
75,7,0,0,0.6993913570669273,1,1,0
71,3,0,1,0.5952619536952761,1,1,1
64,4,0,1,0.5882774052760614,0,0,0
89,4,0,0,0.9552039801677905,0,1,0
71,7,1,0,0.9295143146956265,1,0,1
83,8,1,0,0.6626139264563502,1,1,1
80,4,1,1,0.41235885910611203,0,1,1
72,8,0,1,0.5468531619523287,1,0,1
86,5,0,1,1.0,1,1,0
55,4,0,1,0.8739854192189047,0,1,1
87,1,1,1,0.761783047600495,1,0,0
84,5,1,0,1.0,0,0,0
70,6,1,0,1.0,1,0,0
80,8,1,1,0.7435308716469663,1,0,1
71,6,1,1,0.7468370831043,1,0,0
61,1,0,1,0.6452315972198261,0,0,0
82,5,0,1,0.6987714082526757,1,0,1
60,6,1,0,0.48246150435597823,0,0,1
62,4,1,1,0.4817304522868692,0,0,0
71,4,0,1,0.43992140359693777,1,1,0
84,7,0,0,0.9451806612455,1,0,0
65,5,1,0,0.46894759987573864,0,0,0
70,6,1,1,1.0,1,0,0
51,4,1,0,0.6185319795841071,1,0,1
54,3,1,0,1.0,0,1,0
52,5,1,0,0.6842902182842145,0,1,1
52,8,1,1,0.4680863812343141,1,1,1
85,5,0,0,0.9810802016517844,1,1,0
84,6,0,0,1.0,0,0,0
83,1,1,0,0.5869108199519381,1,1,1
52,8,0,0,0.6903025920124589,1,0,1
53,2,0,0,0.5869567314190238,1,0,0
61,8,1,1,0.7283051949976106,1,0,1
73,4,0,0,0.7694092465393538,1,1,0
63,8,0,0,0.6867510493592228,1,0,0
69,8,0,1,0.42259954882964645,1,0,1
57,7,0,1,0.645441723283796,1,1,1
79,8,1,1,0.8766333774397275,1,0,1
62,5,1,1,0.7123980823327352,0,0,1
52,7,1,0,0.6910606870388929,0,0,0
80,2,1,0,0.5824602218944623,1,1,1
87,1,1,0,0.640190753544429,1,1,0
50,5,0,0,1.0,1,0,0
67,7,0,1,0.5448400937756206,1,0,0
83,7,0,0,0.8797481574033413,0,1,0
78,5,0,1,0.7584699397626344,1,1,1
85,5,1,1,0.7940659193618523,0,1,0
67,5,0,1,0.6181758694173688,0,0,0
65,7,0,1,0.6866800741113749,1,1,1
79,7,0,1,0.7489703675690477,1,1,1
56,1,0,0,0.6562799463703447,1,1,0
59,5,1,1,0.8096577787265788,0,0,0
74,4,0,1,0.8323390229021528,0,0,0
77,7,0,1,1.0,1,1,0
54,5,0,0,0.8000742052852269,0,0,0
70,8,0,1,0.40579632200660926,1,1,1
64,4,1,1,0.9593434345509624,0,0,0
70,6,0,0,0.7133032845054854,0,0,0
89,1,0,1,1.0,1,1,0
53,8,0,0,1.0,1,0,0
90,2,0,0,0.6590518709319181,0,1,0
68,4,0,1,0.8799425010968116,1,0,0
81,7,1,1,0.6430880734053802,0,0,0
67,8,0,0,0.7504843487546449,1,0,0
62,4,0,0,0.8716772665837117,1,1,0
81,4,0,0,0.9503400370883718,1,0,0
78,1,0,1,0.9111370491995232,0,0,0
55,8,0,0,0.763498133744309,0,0,1
78,1,1,1,1.0,1,0,0
80,1,0,0,0.6842963268251239,1,0,0
65,4,1,1,0.4607038862941264,0,1,1
87,1,1,0,0.49535412686232155,1,1,1
76,2,0,0,1.0,0,0,0
63,6,1,0,0.7362024744275751,0,0,1
50,6,0,1,0.7786303496497365,1,0,1
77,3,1,1,0.6523457016136194,0,0,1
58,7,0,0,0.6685135537261458,1,1,0
81,5,0,0,0.6083227450291269,1,1,0
71,2,0,1,0.834807146399416,1,1,0
69,6,1,0,0.7324716148433219,0,0,1
56,5,1,0,0.8283009680046123,0,1,0
79,7,0,0,0.811098909357147,0,1,0
56,2,1,1,0.6733418279460787,0,0,0
67,2,1,0,0.48742848744549827,1,0,0
84,3,1,0,0.47175607272011566,0,0,0
87,3,0,0,1.0,0,0,0
90,8,1,1,1.0,1,1,1
89,6,0,1,0.9912328620404185,1,1,1
72,5,0,1,0.6285707747423589,0,1,1
58,5,0,0,0.7517117520773616,0,0,0
84,8,1,0,0.6032346973710293,1,0,1
82,4,1,0,0.5138252228701397,1,1,1
90,2,1,1,0.6440207663323738,1,1,1
76,2,1,0,0.9887132934173242,0,1,0
55,3,0,1,0.9013341660463146,0,1,0
70,6,0,0,0.5753913597080361,0,1,0
68,4,1,0,0.6933331109716544,0,1,1
84,4,1,0,0.8848421709485845,0,0,1
66,4,0,1,0.6472251488662792,0,1,0
63,8,0,1,0.7643255240698914,1,1,1
53,8,1,1,0.8223325404716662,1,0,1
84,2,0,0,0.8203674993319436,1,1,1
80,1,1,1,0.7957461769842514,1,1,0
51,2,1,1,0.6323345087191482,0,1,1
67,7,0,0,0.6508245742466132,1,0,1
69,4,0,1,0.5459430267262875,0,1,0
69,7,1,1,0.468959413169591,1,0,0
87,6,0,0,0.7293452264957588,1,0,0
56,5,0,0,0.8969267306256945,0,0,0
62,3,0,0,0.5015491690522895,0,0,0
57,3,1,1,0.7991351839423663,0,0,1
60,2,1,0,0.891233618409011,0,0,0
87,5,0,0,0.4193879216121578,0,1,1
88,3,1,1,0.7012954019754806,0,0,0
51,3,0,0,1.0,1,1,0
75,1,0,0,0.8493493831963271,0,0,0
59,7,0,0,0.4133177131687882,1,0,1
57,8,0,1,0.8685011032340899,0,1,0
61,4,1,0,0.6154073770389008,1,0,1
57,5,1,0,0.8744352474166966,1,1,0
70,8,0,1,0.6257852820118607,1,1,1
90,5,1,0,0.7404541600058463,0,0,0
74,5,1,1,0.6532423016586691,0,0,1
79,4,1,0,0.750568390092931,0,0,0
70,5,0,1,0.6478895686960179,1,0,0
50,5,0,1,0.709763116520194,1,0,1
53,6,0,1,0.5383910985040781,1,1,1
61,5,0,0,0.8383187271745185,1,0,0
59,5,0,0,0.7815513375559066,0,1,0
84,1,0,1,0.4590242086612528,0,1,1
84,8,0,0,0.9287249988363468,0,1,0
85,8,1,0,0.7182681672621907,0,1,1
76,2,1,1,0.7791172313224638,1,0,0
72,3,1,1,0.8876211009652535,0,1,1
76,8,0,1,0.8090836036247971,1,1,0
66,3,1,1,0.959736568522962,0,0,0
77,7,1,1,0.697206806003026,0,1,1
82,7,1,0,0.9361972895208671,0,1,1
81,7,1,0,0.7721264312053178,1,1,1
75,1,1,1,0.8413740164112045,1,0,0
52,4,1,1,0.8226532511036228,1,0,0
79,5,1,0,0.9733314585557147,1,1,1
65,7,1,0,0.8798542272406729,1,1,1
80,2,1,0,0.6702698135442277,0,1,1
72,3,1,1,0.6345719320800274,0,1,1
86,2,0,1,0.7410442534329301,0,1,1
63,7,1,0,0.6131817406057355,0,0,0
88,8,0,0,0.5606054037612576,0,1,1
84,2,1,1,0.36695055552635253,1,0,1
63,2,1,0,0.47113270359083215,0,1,1
69,3,1,0,1.0,0,0,0
71,8,0,0,0.6318299550666401,0,1,0
81,4,1,1,1.0,0,1,0
78,3,0,1,0.8225678282080043,1,0,0
84,3,0,0,0.7410435561055011,1,0,0
65,5,0,0,0.4798910789721779,1,0,1
70,4,1,1,0.7508404012036888,0,1,0
67,2,0,1,1.0,1,1,0
87,7,0,0,1.0,0,0,0
62,4,1,0,0.7993629574855642,0,1,0
74,3,1,1,0.5432396941370972,1,1,1
54,6,0,0,0.5777102378551526,1,0,0
84,6,1,0,0.5965334681893572,0,0,0
65,2,0,1,0.9800678869252861,0,0,1
63,1,1,0,1.0,1,1,0
73,1,0,0,0.7852607102941653,0,1,0
70,7,1,1,0.6954455216058324,0,1,1
84,6,1,0,1.0,1,1,1
71,7,1,0,0.5738567626443081,0,1,1
71,6,1,1,0.7593281989680659,0,0,0
54,4,1,0,0.8333338799183034,0,1,0
50,5,0,1,0.5946958907082481,0,0,0
66,6,0,1,0.6355354401495646,0,1,1
90,4,0,1,0.6215272357462315,1,1,1
87,8,0,1,1.0,0,1,1
75,8,1,0,1.0,0,1,1
75,7,0,1,0.770662655442581,1,0,0
66,8,1,0,0.7017206543322982,0,1,1
57,4,0,0,0.6420286065012066,1,1,0
50,1,0,0,0.7503143364210593,0,1,0
63,4,1,1,0.6509600847413779,0,0,0
62,6,1,1,0.7325345563760602,1,0,1
57,7,1,1,0.8243819081407062,0,1,0
60,4,0,1,0.6770436702977337,0,1,0
51,3,1,0,0.7158741487294624,1,1,0
74,4,1,1,0.7166181926869851,0,0,0
88,7,0,1,0.692838581749295,0,1,0
78,1,1,0,0.670539382137082,0,1,0
68,3,1,0,0.8871953885286251,0,0,1
67,2,0,0,0.43126751478424036,0,0,0
62,7,0,1,1.0,0,0,0
55,4,0,0,0.7743953033765395,0,1,1
74,1,1,1,0.8598031636775727,0,1,0
73,3,1,1,0.8805140009667975,0,0,0
50,1,1,0,0.6225493511944972,1,0,0
67,4,1,0,0.5854154598877365,1,0,0
61,8,0,0,0.5641915287623112,0,1,1
56,5,1,0,0.705527754630854,0,0,0
78,7,0,0,0.8758568444791852,1,0,0
71,6,1,1,0.6449228354602516,0,0,0
75,8,0,0,0.8594276952320948,0,0,1
79,3,0,1,0.3237741806049842,1,0,0
90,8,0,1,0.680597903644455,0,1,1
82,2,0,1,0.9600847261700812,0,0,0
75,4,0,1,0.7192251679740717,1,0,1
86,6,1,0,0.60075414549009,0,1,1
69,3,0,1,0.6317682200152326,0,0,0
90,3,1,1,0.20495593864772155,0,1,1
81,2,0,0,0.5678756453258542,1,0,0
76,1,1,0,0.9403034470522648,1,0,0
87,5,0,1,0.6451315019586783,1,1,0
71,8,0,1,0.6663820148397794,0,1,1
79,2,0,0,0.3302738063334466,1,1,0
61,4,1,1,0.4564491972397388,0,0,0
89,8,1,0,0.9642088521479555,0,1,0
75,7,0,1,0.861112934519081,1,0,0
82,1,0,1,0.5164609743409023,0,0,0
68,5,1,0,0.6364969695168203,0,1,1
85,2,1,1,0.744748978260219,0,0,0
53,2,0,0,0.5346970082117839,1,1,0
54,2,0,1,0.38925410096755186,1,0,0
70,5,1,1,0.7213421302609015,1,0,0
80,2,0,1,0.8530695411911834,1,0,0
83,3,0,0,0.8565343175513918,0,1,1
68,2,0,0,0.9075427293975863,0,0,0
76,3,0,1,0.47035969287963175,1,1,1
72,6,1,1,0.760422343768849,0,0,1
89,4,0,0,0.7016787544387582,1,1,0
76,3,0,1,0.7343002766105053,0,0,0
67,5,0,1,0.7118793059458552,0,0,0
89,5,1,1,0.6311193274906471,0,1,1
54,1,0,0,0.2067977182411912,1,0,0
90,8,0,0,0.9591292237027212,0,0,0
56,8,0,0,0.809398229785516,0,1,0
61,5,1,0,0.4828278382434287,1,1,1
83,5,1,0,0.8351636975386959,1,0,0
80,6,0,0,0.6694851347397354,1,0,1
89,4,0,0,0.6745849830448086,1,1,1
80,3,0,0,0.6116853717319741,0,1,0
76,3,0,1,0.8466474850774076,1,1,0
64,2,1,0,0.6060317571270842,0,1,0
50,7,1,0,0.552569756503692,1,0,1
55,3,0,1,0.9537140659090791,0,1,0
62,3,0,1,0.7178013462419895,1,1,1
51,8,0,1,0.7234524498014026,0,1,1
70,5,1,0,0.8746435416497997,0,1,1
81,5,1,0,0.6298343938476882,1,0,1
89,2,0,1,0.6657324289235607,1,1,1
70,3,0,1,0.8050287485501104,0,0,0
85,6,0,0,0.4725520315565222,0,1,1
90,4,0,1,0.7897978284182786,1,1,1
85,2,0,1,0.6139719373473539,1,0,0
69,7,0,1,0.9039850666419267,1,1,0
63,4,1,1,0.8483993988329837,0,1,1
90,6,0,1,0.8246187042555054,0,1,0
59,3,0,0,0.46074744326017975,1,0,0
66,5,1,1,0.7313888288687125,1,0,1
53,7,1,1,0.5380920191254301,1,1,1
82,8,1,0,0.7433644974641352,1,1,1
76,2,1,0,0.33324965815984703,0,1,0
53,6,1,0,0.4726501916924563,1,1,1
59,8,0,0,0.9640260495912337,0,0,0
72,6,0,1,0.8164295716811809,0,0,1
72,2,0,0,0.6863131474536599,1,1,0
82,2,1,1,0.5864262019164799,1,0,1
60,2,1,1,0.5548342948343232,1,0,0
87,1,1,1,0.7860280359159346,0,1,0
68,7,1,1,0.6881461842733777,1,1,1
83,8,0,1,1.0,0,1,1
59,5,1,1,0.716742530398137,0,0,1
51,5,1,0,0.7605696886040161,1,0,0
52,7,1,1,0.5000693757500332,1,0,1
65,4,1,0,0.6850741394681149,0,0,0
89,4,0,0,0.7818584529122374,0,0,0
51,5,1,1,0.6828985719816264,0,1,1
65,3,0,0,0.6625868639566381,1,1,1
54,1,0,0,0.8088437326107581,0,1,0
88,5,0,1,1.0,0,0,0
77,7,0,1,0.7760944866554089,0,1,1
81,1,1,1,0.9559535310251648,1,0,0
79,2,1,1,0.8618884279533808,0,0,0
76,3,0,1,0.9451836074402131,0,0,0
81,7,1,1,0.6402504137976052,0,0,0
50,5,0,1,0.7127530509028077,0,1,0
85,5,0,0,0.7135007572623604,1,1,0
80,6,1,1,0.8483299025815156,1,1,0
80,3,0,1,0.8926343079981356,1,0,0
66,6,1,0,0.7725101144001404,0,0,1
82,1,1,0,0.9078071839276556,0,0,0
65,1,1,1,0.6486003341433528,1,1,1
52,7,0,1,0.9093679595218425,1,1,0
87,6,1,1,0.9328456995934562,1,1,0
59,2,0,0,0.8719493422664394,1,0,0
54,4,1,1,0.7741505610266184,0,0,0
75,1,1,1,0.878398199832894,1,1,0
59,6,0,1,0.5890791962570718,1,1,0
85,7,0,0,0.7857052075848375,1,0,1
68,3,0,1,0.804091885828522,0,1,0
50,3,0,0,0.5106871806327327,1,1,1
89,2,0,0,0.8354251655291137,0,0,0
71,4,0,1,0.5252126293772732,0,1,1
60,3,1,0,0.6729747063763024,1,0,1
77,2,1,0,0.7571569726697337,1,1,0
71,4,0,0,0.6184674507660948,1,1,0
51,7,0,0,0.7648597269516573,1,1,1
81,7,1,0,0.7619802582785196,1,0,0
66,3,1,1,0.6023673049154086,1,0,0
78,8,1,1,0.8522354025883796,0,0,1
86,2,1,1,0.6124518294048783,0,1,0
75,8,1,0,1.0,0,1,1
77,3,1,0,0.7302938118004911,1,0,1
60,5,1,1,0.5391670539017942,1,0,1
59,2,1,1,0.5728184820815211,1,1,1
67,7,0,0,0.9565644836456942,0,0,0
84,3,1,1,0.6763527030506783,0,0,0
71,7,1,0,0.5045225145906057,0,0,1
64,1,0,1,0.903668294482998,1,1,0
81,5,0,0,0.6751967001999452,0,0,0
84,2,1,0,0.8676155120014832,1,0,1
87,8,1,0,0.9184018846181028,0,0,1
62,4,1,0,0.7994034369855381,1,0,0
79,6,1,1,1.0,1,1,1
74,8,1,1,0.43954635127201974,0,0,1
68,5,0,1,0.6027689864510745,1,1,0
66,1,0,0,0.7039289991712877,1,0,0
54,2,0,1,1.0,1,1,0
61,2,0,0,1.0,1,0,0
72,8,1,0,0.9819643561309049,1,0,0
86,8,1,1,0.6070576906657361,0,0,1
85,4,0,1,0.6280473468413227,0,1,0
57,8,0,0,0.6008591936747183,1,1,1
77,2,1,0,0.6089831601526627,1,0,1
53,6,1,1,1.0,0,0,0
77,4,1,1,0.7061219177887481,1,0,1
64,2,0,0,0.7299303303640904,1,0,0
68,3,1,1,0.8893896216462176,1,0,0
79,4,1,1,0.45056496467388457,1,1,1
67,3,1,0,0.759476247828445,1,1,1
83,2,1,1,0.5525630888388743,1,1,1
71,3,1,1,0.6970053142995026,0,0,0
90,2,0,1,0.6444442750873417,1,0,0
76,8,0,0,0.6351634657143738,0,1,0
62,4,0,1,0.7906047252071456,0,0,0
81,1,1,1,0.7898184124306521,1,0,1
66,5,1,1,0.7104322939378827,1,0,1
71,8,0,1,0.8167231817384082,0,1,1
55,3,0,0,0.5936493826463611,0,1,1
54,7,0,0,0.8726854564270969,0,1,0
73,5,0,1,0.7128841760116309,1,1,1
57,6,1,1,0.6629405588151785,0,0,0
90,3,1,1,0.6069434138934634,0,1,1
85,1,0,1,0.7065484571159973,1,1,1
78,3,0,1,1.0,1,1,0
80,8,1,0,0.7386035213815338,0,1,1
74,7,1,0,0.544007363494181,1,1,1
52,7,0,1,0.9153874320213083,1,0,0
66,8,0,0,0.6650528815574842,0,1,0
70,3,0,0,0.8010766207834447,1,0,0
87,3,0,1,0.6409811009232159,0,1,1
58,8,1,0,0.9805391969057705,0,0,0
70,5,1,1,0.6436632438037265,0,1,0
64,3,1,0,1.0,0,1,1
55,3,0,0,0.5611330947848184,0,1,1
54,8,0,0,0.6972768505712137,0,0,0
64,1,0,0,1.0,0,1,0
53,1,1,1,0.7802713604606409,0,1,0
52,6,1,1,1.0,1,0,0
64,1,0,0,0.701554719137157,0,1,0
58,2,1,0,0.7962677135329213,1,0,0
72,8,0,1,1.0,0,1,0
50,4,1,1,0.4774938209863917,1,0,1
62,6,0,1,0.45520499402732323,0,0,0
68,4,1,0,0.6068085281023066,0,0,0
89,1,1,1,0.8964070841051986,0,1,1
76,2,0,0,0.460226787000251,0,1,0
86,7,0,1,0.8574688301811636,1,1,1
64,1,0,0,0.8448072050080008,0,1,0
68,5,0,0,1.0,0,0,0
67,3,1,1,0.938187286592227,1,0,0
86,3,1,1,0.8155290427495997,1,1,0
89,8,1,1,0.9946439283275328,1,0,1
89,5,0,0,0.847002709400676,1,0,0
80,5,1,0,0.6671873901671036,1,0,1
70,3,0,0,0.5439709601312049,0,0,1
72,4,0,0,0.6475141913352455,0,1,0
90,6,1,0,0.7427867025815188,1,0,1
61,1,0,0,0.7815033129629287,1,1,1
64,2,1,0,0.3656647923443834,1,1,0
86,5,0,0,0.710479139713681,1,0,1
65,5,0,0,0.7551447185189001,1,0,1
59,1,1,1,0.8485567400783713,0,0,1
72,7,1,1,1.0,1,0,0
63,5,1,0,0.7834176363801486,1,1,1
86,2,0,1,0.5862786822754107,0,1,1
87,7,0,1,0.422745710951735,1,1,1
62,8,0,0,0.8736619724602287,0,0,0
71,4,0,0,0.5935642752940656,0,1,1
90,3,1,1,0.9060306558890425,0,1,0
80,3,0,0,1.0,1,0,0
58,5,0,0,0.4720665421237487,1,1,0
74,1,0,0,0.8497006605766133,1,0,0
75,4,0,0,0.9826720338610819,0,1,0
76,1,1,0,0.9334270785504507,1,1,1
51,1,1,0,0.372651701356118,0,1,0
62,4,1,0,0.5963426319371332,0,0,1
85,6,1,0,0.5195675089649239,0,0,0
59,8,0,0,0.8442250959264691,0,1,1
62,1,0,1,0.8243987922273895,1,0,0
63,2,1,0,0.26437946197068746,1,1,1
57,4,0,0,0.6958503081609885,0,1,0
56,5,1,1,0.8941295694613992,0,0,0
64,8,0,0,0.776635678420342,0,0,0
85,6,0,0,0.776328045509975,0,0,1
50,5,0,1,0.6843011363906321,1,0,1
61,1,0,0,0.5593906306065579,0,1,0
52,1,1,0,0.7469299516997129,0,0,0
73,2,0,0,0.7593768212223224,0,1,0
60,6,0,0,0.860745813659932,1,1,0
82,3,0,1,0.8753699863731831,1,0,0
73,2,0,1,0.7654550554493834,1,0,0
82,6,1,1,0.9470835056252697,1,1,1
76,7,1,1,0.6825135597355613,0,0,0
67,4,1,1,0.490075577421648,0,0,0
85,8,0,0,0.835869660495277,0,0,1
69,6,0,1,0.7727483197900659,1,1,0
88,6,0,1,0.8394476728223754,0,1,0
90,7,0,1,0.522398757309073,0,1,1
74,2,1,1,1.0,0,1,0
77,7,1,0,0.8778904344594555,0,0,1
60,8,1,0,0.6981605596201573,0,1,1
83,8,0,1,0.5816184337263638,0,1,1
77,5,0,0,0.9438876138778047,1,1,0
87,7,1,1,0.5516814392285059,0,1,1
60,8,0,1,1.0,0,0,1
82,7,1,0,0.6396231108181204,0,1,1
69,8,0,1,1.0,0,1,1
57,7,1,0,0.7167947186869111,1,0,1
57,4,1,0,1.0,0,0,0
73,6,1,0,0.6177236687712271,0,1,1
63,4,0,1,0.753390548138406,1,1,1
54,7,1,0,0.894854879430702,1,1,1
67,7,1,1,0.869173884605248,1,1,1
76,8,1,1,0.948137130058419,0,0,0
63,5,0,0,0.6622550193357184,1,1,1
89,4,0,0,0.7652655071129659,1,0,0
81,2,1,0,0.9747099436796528,1,1,1
71,6,0,1,0.6230540096905888,1,1,1
88,5,0,1,0.8530573910013124,1,1,1
67,5,0,1,0.7105511568400049,0,1,0
55,6,0,0,0.787057339184869,0,1,0
51,7,0,0,0.7652190389546007,1,0,1
88,2,0,0,0.6081090328587064,0,1,0
89,4,0,0,0.7030752254179594,1,1,0
80,6,0,0,0.7760878053738071,1,0,1
54,7,0,1,0.7315096802318168,0,0,0
62,7,0,1,1.0,1,1,0
51,7,0,1,0.931792000226945,1,1,1
52,7,0,0,0.8021964897288294,0,0,0
60,8,0,0,0.6126336871104896,1,0,1
73,5,0,0,0.6016758434583684,0,1,1
52,2,0,0,1.0,0,0,0
90,5,0,0,0.568220621507005,0,1,0
68,6,1,1,0.7704947312670943,1,1,1
60,1,0,1,0.8149707685827623,0,0,0
71,7,1,1,0.6939617427330049,0,1,1
82,5,1,1,0.5696033223760752,0,0,0
62,8,1,0,0.6087186049788323,1,0,1
51,2,1,0,0.6516290995852749,1,1,0
52,8,1,0,0.6222912835623997,1,1,0
84,4,1,1,0.9889896707725675,1,1,0
54,5,1,1,0.7483573211749268,1,1,1
76,6,0,0,0.6557158017934298,0,1,0
65,5,1,0,0.769252447896097,1,1,1
81,8,0,0,0.8702320629530846,0,0,0
52,2,0,0,0.6879684529096356,1,0,0
86,6,1,1,0.9123566331316647,1,1,0
78,8,1,1,0.5211935806158194,0,0,1
68,2,0,1,0.9608346537809545,1,1,0
58,3,0,0,0.7483885788410003,0,1,0
90,4,1,0,0.7413577766846889,1,0,0
62,6,1,0,0.6252574215963265,1,1,0
70,8,0,0,0.5289869765075856,0,0,1
66,7,1,1,0.4499990515532296,0,0,1
59,7,0,0,0.6127001995890385,0,0,0
67,4,0,1,0.8557811797084234,1,0,1
56,6,0,0,0.5769698839851609,1,0,0
50,2,1,1,0.4712793265696244,0,0,0
61,4,0,0,0.5863682440491984,1,0,0
54,2,0,0,0.6807300028492232,0,0,0
67,1,0,0,0.6878097799207765,0,0,0
85,7,0,1,0.7267992765163024,0,1,0
56,7,1,1,0.9358691422893382,0,1,1
50,5,0,1,0.9748657988564681,1,0,0
54,1,1,1,1.0,0,0,0
70,1,0,1,0.4575166829942577,0,1,0
61,1,0,0,0.5959408943394597,1,0,0
70,6,0,1,0.8757273282707557,0,1,0
51,2,0,0,0.6682743812054954,1,0,0
63,3,1,1,0.9049415645728618,1,0,0
66,7,0,1,0.7872804174206689,0,1,1
67,8,1,1,1.0,1,1,1
72,7,1,0,0.9376889005078834,0,0,1
82,3,0,1,0.9409829927806167,1,0,0
69,5,0,1,0.6758631104351347,0,1,1
84,2,1,0,0.7324570477257111,0,0,0
71,7,0,0,0.6950543776378759,0,0,0
60,1,0,1,0.4789394141430168,0,0,0
59,6,0,1,1.0,1,0,0
63,5,0,1,0.8841697155917781,1,1,0
74,7,0,0,0.6878951176654312,1,0,0
59,4,1,0,0.9848266513427951,0,0,0
87,2,1,1,0.636533823585512,1,0,0
69,7,1,0,0.4191357956780504,0,1,1
85,6,0,1,0.9313265555208506,0,1,0
78,4,0,1,0.5198591580391205,1,0,0
63,3,1,1,0.714760416187683,1,0,0
59,3,0,0,0.7871021473410769,0,0,0
80,4,0,1,0.8193837620529771,0,1,1
63,3,1,1,0.9027121901166832,1,1,0
60,3,0,0,0.8545532567281522,1,1,1
88,3,1,1,0.8489806547811648,0,1,0
69,1,0,1,0.6076646792298316,1,0,0
51,8,0,0,0.8029638403081784,0,1,1
70,2,1,1,0.47900100539098095,0,1,1
68,2,0,0,1.0,0,0,0
85,2,1,1,0.4975383317127197,1,0,0
79,8,0,1,0.6876408290238579,1,0,1
57,4,0,0,0.5126026369751789,0,0,1
56,3,1,0,0.6185700685441826,1,0,0
74,4,1,0,0.7524171147777692,0,1,0
51,1,1,1,0.6548235422671197,1,1,1
63,3,1,1,0.9559643264662119,0,0,0
55,2,1,0,0.7908421828733033,0,1,0
50,7,1,1,0.6666762487388532,0,1,1
87,1,0,0,0.7259552526046716,1,0,0
53,4,1,0,0.9695460822700683,0,0,1
50,7,1,1,0.913596758991204,1,1,0
88,7,0,1,0.545021239077226,0,1,1
57,5,1,0,0.6274826914548711,1,1,1
83,2,0,1,0.8354621673631868,1,0,0
51,3,0,1,0.8136059854848672,1,0,0
56,2,0,0,0.5609313225482228,0,0,0
54,6,1,1,0.8848427860751922,1,0,0
78,3,0,0,0.5896426547664487,0,0,0
75,6,0,0,0.9846888192941414,1,1,0
69,6,0,1,0.8453008481249319,1,1,1
59,8,0,0,0.5462535988837702,0,0,1
53,3,0,1,0.6547661937365858,0,1,1
73,8,1,1,0.6516370893848477,1,0,1
59,4,1,0,0.7787778098344196,0,1,0
74,6,0,1,0.7132841583577517,0,0,0
78,6,1,0,0.543811995591279,1,1,1
84,7,1,1,0.49903335367993634,1,1,1
70,4,0,0,0.8488242001916151,0,1,0
50,7,1,1,0.8015226356215494,0,1,0
61,3,1,0,0.7689967602969057,1,0,1
84,4,0,0,0.7987317346128829,0,1,1
71,4,1,0,0.6385945534454937,0,1,1
75,6,0,0,0.7831186243995258,0,0,0
68,5,0,0,1.0,0,1,0
56,1,1,1,0.9614220817344857,1,1,0
86,7,0,1,0.6980864788272293,0,1,0
81,7,0,1,0.6557930855217768,0,0,0
90,1,1,0,0.235120908451518,1,1,1
85,8,1,1,0.9423649475372456,1,1,1
61,6,0,0,0.8915889636794663,1,1,1
60,1,0,0,0.6521109655302314,1,1,0
60,4,0,1,0.492292617082117,1,0,0
87,7,0,1,0.5420518602258494,0,1,1
72,3,1,0,0.829991615246296,0,0,0
68,8,1,1,0.7339186679407474,1,0,0
89,4,0,1,0.8744865631693106,0,0,1
74,2,0,0,0.765559764906273,1,1,0
87,3,1,0,0.9240165897809671,0,1,0
90,5,1,1,0.8165235252706045,1,0,1
53,6,0,0,0.8991831684289225,0,1,1
64,8,1,1,0.3738569860340513,0,0,1
80,2,0,0,0.5278177973104572,0,1,0
83,8,0,0,0.6844166994202271,1,1,0
56,5,1,1,0.9443223812820436,1,1,0
63,2,1,0,1.0,0,0,0
72,8,1,0,0.720437559170362,1,0,1
82,3,1,0,0.6399155885001276,1,0,0
54,5,0,1,0.39810566203359543,0,1,0
74,6,1,1,0.9054414775331695,1,1,1
62,1,0,1,0.6509656964649941,0,0,0
58,2,0,0,1.0,0,1,0
71,6,1,1,0.6169072943937877,0,1,1
66,3,0,0,1.0,0,1,0
76,1,0,0,0.8847061290457441,1,1,0
63,1,1,0,0.5649124081221539,1,0,1
83,7,1,1,0.7917858819558455,0,0,0
53,2,1,0,0.8888484947790839,0,1,0
85,1,0,1,0.7094546053470151,1,1,1
51,5,1,0,0.9008368878994137,0,0,0
80,1,0,0,0.8968722886827588,0,1,0
64,6,1,1,0.8573409301069437,0,1,1
65,5,1,1,0.747034793751449,0,1,0
50,6,1,0,0.5385107839248973,1,0,0
78,4,1,0,0.736178632414458,1,1,1
56,7,0,0,0.7816916394688518,0,0,0
77,6,0,1,0.4123108432131916,1,0,1
79,4,1,0,0.7804623568784419,0,1,1
84,1,1,0,0.7325757723341741,0,0,1
79,3,0,0,0.5166073072587082,1,0,1
62,2,0,0,0.6900588496754838,1,1,1
80,1,0,0,0.6938676575698262,1,1,0
83,3,0,1,1.0,1,0,0
63,2,1,1,0.7896213023119261,1,0,0
55,1,0,0,0.9364881452366278,1,0,0
86,3,0,1,0.7287932451916832,1,0,0
56,5,1,0,0.41269502696968496,0,1,1
74,2,0,1,0.8710215327878922,0,0,0
59,3,0,0,0.6315263886742426,1,1,1
55,1,1,0,0.6895919766021761,0,0,0
81,1,0,0,0.5604651751592153,1,0,0
55,2,1,1,0.7630982155058448,0,0,0
77,4,1,1,0.9417321050920414,0,1,1
78,6,1,1,0.9178928595254328,0,0,0
52,7,0,0,1.0,0,0,0
57,6,1,0,1.0,0,0,0
82,5,1,0,0.38174263855351975,0,1,1
70,8,0,0,0.5351482990327563,1,1,1
54,3,1,0,0.42452551590122045,0,0,0
90,7,1,1,0.8637474738701262,0,1,1
60,8,1,1,0.6252452789161526,1,0,1
50,5,0,0,0.6619475402680927,0,0,0
87,7,1,0,0.711012462253058,1,1,1
50,2,0,0,0.8188627238563353,1,0,0
72,8,0,1,0.4826422113588379,1,1,1
90,5,0,1,0.5234045767258644,0,0,1
73,2,0,1,0.7502333171755993,0,0,0
73,1,0,0,0.9657742685078041,1,0,0
65,6,1,0,0.7454284674148047,0,0,0
55,4,1,1,0.6075012528512342,0,0,0
73,3,0,0,0.3633224375392255,0,1,1
86,4,0,0,0.9214816053108502,1,0,1
53,8,1,0,0.6175323031097135,0,1,0
86,4,1,0,0.5434613551646902,0,1,1
67,1,1,1,0.4412414592374194,0,0,0
71,3,0,0,0.49096185399444625,0,1,1
56,2,0,1,0.5769814403183064,0,0,0
75,6,0,0,0.7070072274850528,1,0,0
57,7,0,0,0.5324264931430818,1,0,0
61,7,1,1,0.7834274467585747,0,0,0
79,6,0,1,0.7056394068147416,0,1,1
52,7,1,1,1.0,0,0,0
68,4,1,1,0.4432002390493209,1,1,0
74,6,1,1,0.7790662974562287,0,0,1
55,1,0,1,0.7813208980273723,1,0,0
62,5,0,1,0.5644996672938333,1,1,1
64,5,0,1,0.7671454315405429,1,0,1
77,1,0,0,0.8885269859532088,0,0,0
90,5,1,0,0.7673684668604098,1,1,1
84,6,1,0,0.9992033192675708,1,0,0
57,3,0,0,0.35801622874283906,0,1,1
50,5,1,0,0.5983979856955103,1,0,0
52,3,1,1,1.0,0,0,0
74,3,0,1,0.914164739987493,1,1,1
56,2,1,0,0.8472921080279319,1,0,0
59,3,1,0,0.9719787731735027,1,0,1
84,7,1,1,0.4050195818336814,1,1,1
85,8,1,0,0.8932099192901077,0,1,1
84,6,0,1,0.9415866292354961,1,1,1
60,5,1,1,0.6314339700883674,1,0,0
75,5,1,0,1.0,0,1,0
75,4,0,1,0.7853428135311704,0,0,0
57,4,1,0,0.35530157234846266,1,1,1
72,5,1,0,0.8186289596280757,0,0,0
71,7,0,1,0.6204251946019081,0,1,0
66,4,0,1,0.9596991493073133,1,1,0
80,5,1,1,0.8486299260104336,0,0,0
77,4,1,1,0.6423740269902857,1,0,1
71,3,0,0,1.0,0,0,0
79,3,0,1,0.919101235076276,0,0,0
81,1,1,0,0.6009744022172218,1,0,0
73,4,0,0,0.7226318854990474,1,0,0
60,6,0,1,0.8430450223375344,1,0,0
81,6,0,0,0.6844326127009281,1,0,0
79,8,0,0,0.6898081073074941,1,0,0
90,1,1,0,0.7566105050876072,0,0,0
56,7,0,0,0.5581562548732699,0,0,0
67,7,1,1,0.3481022390561458,1,1,1
87,4,1,1,0.7930442752197667,1,1,1
71,3,1,1,0.39199800912686655,1,1,0
88,3,1,0,0.5712530334339503,1,1,1
50,6,1,1,0.43111517538925703,1,1,1
51,7,1,1,0.45327999940296543,1,1,1
82,6,1,0,0.8267439313414725,1,1,1
64,5,0,1,0.7099845302891868,1,0,0
71,6,1,0,0.7034879180157377,0,0,0
67,1,0,1,0.5131376789476783,1,1,0
66,5,0,1,0.631947164009059,1,1,1
88,1,0,1,0.8177619286578337,1,1,0
53,8,1,0,0.7406242922448298,0,0,0
81,8,1,1,0.8980813309875574,0,0,1
86,5,0,1,0.9237165621826646,1,0,0
76,3,1,1,0.7046004255135221,0,1,0
66,6,0,1,0.4165951285343114,1,1,1
56,6,0,0,0.6138039181680811,0,1,1
77,6,0,0,0.7324159294429154,1,0,0
69,5,1,0,0.6102323306392594,1,1,1
56,2,0,0,0.5601676419599244,0,0,0
64,1,0,0,0.7625554111602275,1,0,0
89,3,1,0,1.0,0,1,0
60,5,0,1,0.6621261488334524,1,0,0
57,4,1,0,0.7494949465514805,1,0,0
77,5,1,0,0.513833542098422,1,1,0
58,3,0,1,0.9738121899074724,0,0,0
87,8,1,1,0.9074537478032562,0,1,1
85,3,1,0,0.8950321451038651,0,1,0
90,7,0,1,0.9947632460348541,1,0,0
87,4,0,0,0.6730785561549347,0,0,0
59,4,0,0,0.695564792427788,0,1,0
58,5,0,0,1.0,1,0,0
64,3,0,1,0.8638910585300206,0,0,0
69,2,0,0,0.350540072158051,0,0,0
86,4,1,1,0.8318677756146617,0,0,1
80,7,0,1,0.6452943490614726,1,1,1
76,2,0,0,0.9116709284381983,1,0,0
86,4,0,1,0.8234742844956312,1,1,0
76,6,1,0,0.4367023024758962,1,1,1
65,6,0,1,0.7983894306891859,1,1,0
66,4,0,0,0.7879129909052893,1,1,0
71,1,0,1,0.8154232475636616,1,0,0
53,1,0,0,0.8535951933443956,1,0,0
80,4,0,0,1.0,0,0,0
76,7,1,1,0.8245000181305737,1,1,0
79,1,1,1,0.7541217228854036,0,0,0
71,8,0,0,0.9566341597538804,0,0,0
82,6,0,0,1.0,0,1,1
88,1,0,0,0.914712735750256,1,1,0
73,3,0,1,0.7871171028254562,1,1,1
68,2,0,1,0.8278554989584054,0,0,0
54,8,1,0,0.7960878766916865,1,1,1
81,5,0,1,0.753333314749199,0,1,1
87,3,0,0,1.0,1,0,0
78,3,0,1,0.6151703926230422,1,0,0
85,5,1,0,0.9578830490836858,1,1,1
85,1,1,0,0.7273457503138967,0,0,0
82,3,0,1,0.4835245493750297,1,0,0
70,2,0,0,0.7161028061544288,0,1,0
54,5,1,0,0.6515803499242954,1,0,1
50,6,1,0,0.8539639173151787,1,1,1
58,4,1,1,0.7664340400785428,1,0,1
67,2,1,1,0.5660351645433657,1,1,0
80,3,1,0,1.0,0,1,0
68,7,0,1,0.9462241208056303,0,0,0
50,2,1,1,1.0,0,1,0
58,2,0,0,0.792653639532261,0,0,0
90,1,0,1,0.7435680477094757,1,0,0
90,7,0,0,0.8766408868713518,0,1,0
65,1,0,0,0.6460544962342376,1,1,0
83,5,0,1,0.7734107198495705,1,1,0
79,8,0,0,0.7183779781221542,1,0,0
88,6,0,0,0.4870138229058143,0,0,1
86,4,1,0,0.772941990871033,0,0,1
75,2,1,0,0.6706259594862056,1,0,0
66,1,0,1,0.7063406104767053,1,0,1
75,2,1,1,0.8154812902169918,0,0,0
63,8,0,1,0.9790559641175925,0,0,1
64,2,1,1,0.5972213837013639,0,1,0
74,1,1,0,0.6894195212767158,0,1,0
73,7,1,0,0.612285114655234,0,0,1
73,4,0,0,0.6005674941961816,1,0,0
65,3,1,1,0.642977590143041,0,0,1
66,6,0,0,0.714638949093265,1,0,0
50,5,1,1,0.8554568982379508,0,1,1
74,8,1,0,0.8076802376612708,0,0,0
73,4,0,1,0.5597657401650151,0,0,0
88,6,0,1,0.9829488583050876,0,1,1
70,8,0,0,0.9199942151658669,1,0,0
69,4,1,0,0.5877865828902533,1,1,0
52,3,1,0,0.9703399605455209,1,0,0
58,8,1,0,0.8088489142673297,0,1,0
63,2,1,1,0.7218380454734556,1,0,0
65,1,1,1,0.8144544080062762,0,0,1
64,5,1,0,0.7453612567874061,1,0,1
66,8,0,1,0.8481141578066531,1,0,1
81,1,1,1,0.7837167941636101,0,0,0
55,7,0,1,0.6892633105910035,1,0,0
63,7,1,1,0.385351183350951,0,1,1
56,8,1,0,0.8448928573137467,0,1,0
62,4,0,0,0.6827420498903879,1,0,0
78,3,1,1,0.8900303897361443,1,0,1
51,5,0,0,0.8367015112096297,1,0,1
63,2,1,1,0.6874204419919183,1,1,1
50,7,0,1,0.9341378743939204,0,1,1
89,6,0,1,0.7868714991305827,0,1,1
79,4,1,0,0.7794557125280557,1,1,1
59,5,0,0,0.7251400763826343,0,1,0
58,6,1,1,1.0,1,1,1
54,5,0,1,0.6216119887627816,0,1,0
69,7,0,0,0.6919185832573701,0,1,1
80,8,0,1,0.5272796738856006,0,0,1
73,8,0,1,0.8808115939184111,0,1,1
86,5,0,1,0.6452131788556188,1,0,0
64,6,1,1,0.6653935952892621,0,1,1
61,3,1,1,0.6569514062117074,0,0,0
69,1,1,1,0.7612899448912298,1,0,0
58,4,0,1,0.5248632747613537,1,0,1
90,7,1,0,0.346215852101593,0,1,1
57,2,1,1,0.8323867267306989,0,1,0
69,5,1,0,0.36955961288333217,1,0,1
71,2,1,1,0.9037448011159283,1,0,0
52,4,0,0,1.0,0,0,0
69,2,0,0,0.720439715291694,1,1,0
68,6,1,0,0.9839087304096881,1,1,1
60,7,1,0,0.7456338444822206,1,1,1
55,7,1,1,1.0,1,0,0
51,6,1,1,0.667880786619622,1,0,1
50,2,1,1,0.3243212743023981,1,1,0
69,5,0,1,0.7356158860608296,1,0,1
53,1,0,1,1.0,1,1,0
89,3,0,1,0.8462942950692752,0,0,0
60,5,1,0,0.6572418188631881,1,0,0
76,6,1,1,0.8092022104712517,1,0,1
77,1,0,0,0.9248024709214595,0,1,0
70,7,1,1,0.7345890409953952,1,1,1
86,4,1,1,1.0,1,0,1
54,8,1,1,0.6568647678264923,1,1,0
59,5,1,1,0.9304519299680547,1,1,0
60,5,1,0,0.887148702566724,0,1,0
55,6,1,1,0.6240310635543497,0,1,1
62,7,0,1,0.6736007518774189,0,0,0
62,2,0,0,0.9332577565462856,1,0,0
81,5,1,0,0.7760618197687634,0,1,1
62,1,0,1,0.810852910810909,0,1,0
85,4,1,1,0.4555258763332157,1,1,1
81,7,1,1,0.8680797579291782,1,1,0
86,7,1,1,0.8017134319348622,0,1,1
54,3,0,0,0.7384961959245924,1,1,1
90,4,1,0,0.8149605353506337,0,1,0
75,5,0,1,0.676340812717635,1,0,1
90,4,1,0,0.6434575493009747,1,1,0
64,2,1,0,0.7064606043049603,0,0,0
89,3,1,0,0.6664434279027065,0,0,1
74,4,1,0,1.0,0,0,0
52,5,0,1,0.9141367311918461,1,1,0
66,8,0,0,0.5756755936850938,0,1,1
55,5,1,0,1.0,0,0,0
88,4,0,0,0.6720858099414637,0,0,0
62,6,0,0,0.7553019661435713,1,0,1
59,7,1,1,0.9115350950876375,0,0,0
72,4,1,1,0.39540206209842926,0,0,1
67,4,1,0,0.7073353475506255,0,1,0
53,2,1,0,0.6467999068259098,1,0,0
83,7,0,1,0.7869144143179443,0,0,0
84,7,1,1,0.8166089429877796,1,0,0
80,2,1,1,0.7360933142401768,0,1,0
75,3,0,1,0.7277434863277822,0,0,0
66,3,0,1,0.94172364707438,1,0,0
72,8,1,0,0.8042674674601269,0,1,0
71,1,1,0,0.7574565018093498,1,0,0
56,2,0,0,0.7766167064628251,1,1,0
53,3,0,0,1.0,1,0,0
60,5,0,1,0.7810813158571391,1,1,0
68,2,0,1,0.6573992691061731,1,1,0
56,5,0,1,0.4063801640500094,0,1,1
54,6,1,1,0.49189127267370836,0,1,1
84,7,1,0,0.665935338885643,1,0,1
65,1,0,0,0.7304921680882535,0,1,0
73,2,0,1,0.649988137270157,0,1,1
71,1,0,0,0.8132059158682456,0,0,0
80,8,1,1,0.6476685519885045,0,1,1
80,6,1,1,0.5853919313756226,1,1,1
62,5,0,0,0.8602758903643343,0,0,0
84,7,0,1,0.9964910094380424,0,0,0
65,5,1,1,0.5507098324056214,0,1,0
84,2,1,0,0.7938688554674062,1,0,0
66,5,1,0,0.4070991615323128,0,1,1
54,6,0,0,0.48458313646911133,1,1,1
81,1,1,0,0.6440221509641089,0,0,1
51,5,1,0,0.9542838778278948,0,0,0
81,4,1,1,0.6098329146530146,0,1,1
51,1,0,0,0.6031019145422011,0,1,0
58,3,1,0,0.756495710741001,0,0,0
74,4,0,0,0.7566750500069731,0,0,0
88,3,1,0,0.6086763349041595,1,1,1
66,3,1,0,1.0,0,0,0
54,6,1,0,0.7022345928392328,1,1,1
59,4,1,1,0.7704452968352544,1,1,1
86,4,0,1,0.6776796832121205,0,0,0
79,7,1,0,0.8291948811872123,1,0,1
54,1,0,1,0.9722923607467411,0,1,0
65,3,0,1,1.0,0,1,0
60,1,1,1,0.6127921784525016,1,1,1
57,8,1,1,0.9481431317342182,1,0,1
84,2,0,0,0.8489425475191832,1,0,0
75,7,1,1,0.9254165897028139,0,1,1
57,2,1,1,0.7334617309152964,1,1,0
76,3,0,0,0.7163326608092075,0,1,0
66,5,1,1,0.9184286362285188,0,1,0
52,7,1,0,0.9218446510901317,0,0,0
68,2,0,0,1.0,0,0,0
57,2,1,0,0.7857385599810881,0,0,0
60,8,1,0,0.7307553670257437,0,1,1
86,3,1,1,0.3072263556010433,0,0,1
79,2,1,1,0.45997310316083984,1,0,0
55,6,1,1,0.6790347110669892,1,1,1
84,1,1,0,0.5518093923756813,0,0,0
73,7,1,0,0.8965435017779844,0,0,1
85,8,1,1,0.5141962269157884,0,1,1
80,7,1,0,0.6597652208969482,0,0,1
63,3,1,1,0.666835231235072,0,0,1
71,1,1,1,0.9668537550119003,0,0,0
71,4,1,0,0.640517025176464,1,0,0
79,3,1,1,0.8314341812486379,1,1,1
60,8,1,1,0.785227102954089,0,1,1
63,6,0,0,0.9125919273805103,0,1,0
60,8,0,1,0.9030387093809664,1,1,1
62,7,1,1,0.7439807796834821,1,0,1
56,6,1,0,0.44466698773070756,0,1,1
51,1,0,0,0.7082866404037867,1,0,0
88,1,1,1,0.7464079839842125,0,1,1
53,1,0,1,0.8014816619675,1,1,0
86,5,0,0,0.6172400738602541,0,1,0
50,2,0,0,0.9553622013135503,0,0,0
81,8,0,1,0.7524514952966986,1,1,1
63,2,1,0,0.5843104773938174,0,1,1
71,8,1,0,0.6675189890264975,0,0,0
61,6,0,0,1.0,1,1,0
70,1,0,0,0.8695880207303697,0,0,0
68,1,0,0,0.9387221800015927,0,0,0
71,4,1,0,0.5625143454515855,1,0,0
66,3,0,0,0.6260106554069158,0,0,1
71,3,0,0,0.6273439849413759,0,0,0
83,5,0,1,0.783190872765952,1,0,0
67,2,0,0,0.7186796704045993,0,0,0
64,2,1,1,0.6618910059737363,1,0,0
55,6,1,0,0.6844674733493783,0,1,0
64,8,0,0,0.6070736663984875,1,1,0
55,3,0,1,0.7176289283577462,1,1,1
57,8,1,1,0.9503788050900746,1,0,1
89,3,0,0,0.4776349167210443,0,1,0
53,3,1,1,0.8123662980543415,1,1,1
69,1,1,0,0.9984166850783323,1,0,0
84,4,0,0,0.717026322258198,1,0,0
89,4,1,0,0.6548023147537387,1,0,1
56,6,1,1,0.9163616674711059,0,0,0
56,2,0,1,0.5728400621636082,1,0,0
65,2,1,1,0.7459155246110285,1,1,0
72,4,1,0,0.5628280619305691,0,0,0
89,1,1,0,0.4133818253956296,1,1,1
58,2,1,1,0.7226428323369368,1,0,0
56,6,1,1,0.522588888611943,0,1,1
60,8,1,1,0.7478993076007496,1,1,1
85,5,1,1,0.9507053323885271,0,0,0
51,2,0,0,1.0,1,0,0
65,8,1,1,0.7668352711097776,1,0,1
54,5,0,1,0.9334588497556079,0,1,0
56,6,1,1,0.8218132770191939,1,0,0
87,2,1,0,0.6810395495024895,1,0,1
50,5,0,1,0.403540256292439,0,1,0
63,1,1,1,1.0,1,1,1
87,6,1,1,0.5611616059293979,1,1,1
74,2,0,0,0.9988987640551985,1,1,0
52,8,1,1,0.8466253732672052,0,1,1
69,1,1,1,0.5743176986554754,0,1,1
89,6,1,0,0.8061597051274115,0,0,1
66,2,0,1,1.0,1,0,0
71,6,1,0,1.0,1,0,1
71,4,1,0,0.6577116498957992,1,1,1
77,8,0,1,0.6218434635267572,0,1,1
57,6,1,0,0.7680374467168929,1,0,0
84,3,1,0,0.7202075287854294,0,0,0
90,1,1,0,0.9659527294156914,1,1,0
55,5,0,1,0.8831260445559248,1,1,0
83,4,1,0,0.445396511724884,1,0,1
83,1,1,0,0.832561545976304,1,0,1
80,5,0,1,0.7177636270438738,0,1,1
65,2,0,0,0.756679464485052,0,0,0
69,2,1,1,0.7948097425669186,0,1,0
84,1,1,1,0.9657712209497883,1,1,1
56,3,0,1,0.9260027334382838,0,1,0
83,2,1,1,0.6150463066762868,0,1,0
87,1,1,1,0.7394498458158595,1,1,1
77,4,0,1,0.6692661492857019,1,0,1
63,2,1,1,0.4472677255968124,0,0,0
72,2,1,1,0.7303133086318038,1,0,0
52,4,0,1,1.0,1,1,1
88,1,0,1,0.44183218912504557,1,1,1
64,8,0,0,0.7456688771411879,1,0,1
52,4,1,1,0.7398951338262585,1,1,1
82,8,0,0,0.8017923849175775,1,0,0
76,8,1,0,0.5767095076690925,1,0,1
75,8,0,0,0.4934800936560083,1,0,1
52,5,0,0,0.5018524217769673,1,1,1
80,4,0,0,0.9895680764996662,1,0,0
76,6,1,1,0.5731165246148657,1,1,1
82,1,1,0,0.6600788055024289,0,0,0
83,7,0,0,1.0,0,0,0
58,3,1,0,0.617833981780238,0,1,0
58,1,1,0,0.8116319276311666,0,0,0
87,2,1,0,0.9414861017925912,1,0,0
71,2,0,1,0.9328296336562637,0,0,0
67,1,1,0,0.5103162557321375,1,1,0
61,6,1,0,0.6215965594137303,1,0,1
76,1,1,0,0.8044255157253574,0,0,1
80,7,1,1,1.0,1,0,1
50,4,0,0,0.6129280814445848,0,1,0
72,6,1,0,0.6611496628600061,1,0,0
90,3,1,0,0.8255233958521808,1,0,0
61,2,1,0,0.8615384809227078,1,0,0
61,2,1,0,0.8724457207744927,0,0,0
86,6,0,0,0.597655944329736,0,0,0
52,6,1,1,0.654231335351807,1,1,1
66,3,0,0,0.7887902159643544,0,0,0
68,3,1,1,0.9772160362730906,0,1,0
82,8,1,1,0.7070728652186831,0,0,0
55,7,1,0,0.7459856579849125,1,1,1
67,4,0,0,0.5653328813149063,1,1,0
56,2,1,0,1.0,1,0,0
82,3,0,1,0.7777673304855077,0,0,0
75,5,1,0,0.9439958603202135,1,1,1
70,5,1,0,0.7553814974521681,0,1,1
66,2,0,0,0.7653480717438141,1,1,0
56,1,1,0,0.47994439964662905,1,0,0
87,4,1,0,0.36286286345533797,0,1,1
76,7,0,0,0.9753429381304726,1,0,0
63,2,0,1,0.7640504785672356,0,0,0
66,4,0,0,0.7871570621375913,1,1,1
79,2,0,0,0.5251703246039261,1,0,0
79,2,1,1,0.5874484479971478,0,0,1
68,5,1,0,0.9412143602042973,0,0,1
62,3,1,0,1.0,0,0,0
77,3,0,1,0.6381706775209407,1,1,1
76,8,1,0,0.87086699190535,1,0,1
74,2,1,1,0.7842044878826889,0,0,0
52,2,1,0,0.7283047907860094,1,1,1
69,8,0,0,1.0,1,0,1
75,5,0,0,0.6684237037159046,0,0,1
88,1,1,0,0.9733282746631474,0,1,1
71,4,1,0,0.8186561970675688,1,0,0
64,5,0,1,0.7469599219743326,1,1,1
72,3,1,1,0.9969630911459542,1,0,0
57,5,1,0,0.802224209716145,1,1,0
53,6,1,1,0.7326430446157894,0,1,1
77,3,0,1,0.9982995911367659,0,1,0
90,7,1,1,0.9748672056789405,0,0,0
84,4,0,1,0.9663533978076976,0,0,0
73,8,1,0,0.1,0,0,1
51,1,0,0,0.8292317926329139,1,1,1
90,3,0,1,0.7881810947525946,0,0,0
68,6,1,1,0.7437246142646126,1,0,0
61,8,1,1,0.8597603341150821,0,0,0
86,2,1,0,0.796900237050815,1,0,1
80,8,1,1,0.8720053351188927,1,0,1
80,2,1,0,0.7017668746041013,1,0,0
61,4,1,1,1.0,1,1,0
90,3,0,0,0.8902099545191087,1,0,0
68,4,1,0,0.8476547862926712,1,1,1
71,8,0,1,0.8388669420672354,1,1,1
80,6,1,1,0.9583106353488414,0,0,1
77,7,0,0,0.933903801648388,1,1,1
57,3,0,0,0.7297010303616682,1,0,0
62,8,1,0,0.9282558685481933,1,0,1
64,4,0,0,0.781329403207568,1,0,1
88,6,1,1,1.0,0,0,0
79,6,0,0,0.9475910059884538,0,1,0
65,6,0,0,0.6373903226588952,1,0,1
80,5,1,1,1.0,1,0,0
80,4,1,1,0.37163282952183074,1,0,1
66,6,1,0,0.8647238533204276,0,0,0
66,8,1,1,0.6246754806998486,0,1,1
86,4,1,1,1.0,1,0,0
73,5,0,1,0.7955050917531516,0,1,0
56,2,1,0,0.6071168162843181,1,0,0
79,3,0,1,0.702030951800475,1,0,0
74,7,0,1,0.6214923374401935,0,0,1
70,6,0,1,0.6949601438573858,1,0,0
79,2,0,1,0.6908434291398892,1,0,1
87,5,0,0,0.6147919436338102,0,1,1
63,7,1,1,0.7986114860848723,1,1,0
67,1,0,1,0.8204203494132118,1,1,1
57,1,1,1,0.5706648495703259,0,1,1
76,4,1,1,0.4515116226520804,1,1,1
66,6,0,0,0.8059721613869228,1,0,0
64,3,0,1,0.8457456992015161,0,0,0
78,7,1,1,0.8814390171530221,0,0,1
66,7,1,1,0.849211388686943,1,1,1
69,5,0,1,1.0,1,1,1
68,4,1,1,0.9294722196476274,0,0,0
60,1,0,0,1.0,0,0,0
55,7,1,1,1.0,1,1,1
83,8,0,1,0.4335415342239516,0,1,0
53,4,1,0,0.3545150463775478,0,0,1
63,5,0,0,0.7486695663875913,0,0,0
77,7,0,0,0.8407618373784579,1,1,1
55,6,0,0,0.73634069837897,1,1,0
76,2,0,1,0.8766444802903968,0,0,0
80,6,0,0,0.7013564264282924,1,0,0
77,8,0,1,0.6250888625854578,1,1,1
62,7,0,0,0.652279645226812,1,1,0
50,4,1,0,0.7139696935684433,1,0,1
86,5,1,1,0.9018322219308269,0,1,1
63,3,1,0,0.6623866746001505,0,1,0
83,6,0,1,0.6979856334749931,0,0,1
58,2,0,1,0.8526390319279836,1,0,0
56,3,0,0,0.7142166484418658,0,0,1
81,3,0,0,0.9510078991161701,0,1,0
88,3,0,1,0.584488878197689,1,1,1
85,3,1,1,0.5454545238362124,1,0,1
80,1,0,0,0.8048332261233017,0,0,0
60,6,0,1,0.8227719232076633,1,1,1
87,4,1,0,0.5943072910649857,0,1,1
77,8,1,0,0.9918471722389366,1,1,0
57,2,0,1,1.0,1,0,0
55,6,0,0,0.6369862416886711,1,0,1
85,2,1,0,1.0,1,0,1
61,5,0,1,0.32121620903986997,1,0,1
81,4,1,1,0.9437002080092445,0,1,1
55,4,0,0,0.5956027011968849,0,0,0
61,6,0,1,0.9256930827549852,1,1,1
61,7,0,1,0.5769703225278002,0,0,0
61,3,0,0,0.7376722437671769,1,1,0
77,7,0,0,0.6041791926224689,0,1,1
87,2,0,1,0.7115014743992254,1,0,0
87,3,1,0,1.0,0,0,0
80,3,1,1,0.7305711966131869,0,0,1
58,8,0,0,1.0,1,0,0
89,1,1,1,0.6805537390032894,0,0,0
72,4,1,1,1.0,0,0,0
72,4,0,0,0.4573753308276955,0,0,0
78,7,0,1,0.6984283700319256,1,0,0
81,4,0,1,0.6535002026414356,0,0,0
89,8,0,1,1.0,0,0,0
73,6,1,0,0.7833447814864933,0,1,1
75,6,0,0,0.37414502946345085,0,1,0
80,7,0,1,0.5141766621497588,1,0,1
60,2,0,1,0.5677207951117079,1,0,1
62,4,0,0,0.9181290529401904,1,0,0
75,5,0,0,0.8949013470581296,0,1,0
52,2,0,0,0.6959281020669984,1,1,0
63,1,0,1,0.6512682371488369,1,1,1
79,2,0,1,0.8789498833530095,0,0,0
90,7,1,1,0.5466858433622471,1,0,1
71,6,1,0,0.8323804160310635,1,0,0
66,3,1,0,0.8170532394366419,1,1,0
68,6,1,0,0.7005738732479824,1,0,1
78,6,1,1,0.8215820337082288,1,1,0
72,7,0,0,0.7683769835534432,1,0,1
50,8,0,0,0.8395355090561772,1,1,0
72,8,0,0,0.5098615844735831,0,1,1
66,2,1,0,0.8606103564951664,0,0,0
78,7,0,1,0.934788239310409,1,0,0
85,4,1,1,0.8077712557016001,1,1,1
89,4,1,1,0.85821885317847,1,1,0
75,6,0,1,0.7302145228662428,0,0,0
64,5,1,0,0.9104398619273477,1,0,0
68,4,0,0,0.7617444830363738,0,1,0
57,8,0,0,0.5433705691581701,1,1,1
88,2,1,1,0.8976389078789868,1,0,0
84,1,0,1,0.455853675448601,1,1,1
85,1,1,0,0.800900353971909,1,0,1
63,7,0,1,0.6808398869915437,1,0,1
63,4,0,1,0.6693373650531519,1,1,1
85,4,1,0,0.7809579749867169,0,1,1
72,6,0,1,0.6223281256527611,1,0,1
78,4,0,1,0.8421970825430098,1,1,0
70,5,1,0,0.7602233938719604,1,0,0
68,1,0,0,0.6388870887458044,0,1,1
75,2,0,1,0.9908723226083374,1,1,0
83,8,0,1,0.7868608698539097,0,1,1
63,4,1,1,0.8635441680164067,0,0,0
83,2,1,0,1.0,1,0,0
60,3,1,1,1.0,0,0,0
66,3,0,1,0.8543613816941138,0,1,0
87,3,1,0,0.6955215238182352,1,0,1
89,3,0,1,0.49265331824330194,1,1,0
87,6,1,0,0.7872043260863543,1,1,0
62,1,1,0,0.9470251768471294,0,0,0
84,3,0,1,0.8137766674907914,0,1,1
88,4,1,0,0.12997487104177852,0,0,1
90,5,1,1,0.9066111878687642,0,1,1
50,8,1,1,0.9176698478596335,0,0,1
80,8,1,1,0.6957800051292635,0,1,1
90,3,0,1,0.927905101545634,0,0,1
81,5,1,1,0.8630337745908078,1,1,1
59,1,0,1,0.6266087773892347,1,1,1
81,5,0,1,0.9788342009191833,0,1,0
54,2,0,1,0.5218541538408995,1,1,0
69,1,0,0,0.7396959592129916,0,1,1
75,6,1,0,0.7217395837010246,1,1,1
68,2,0,0,0.6014211326060195,0,1,0
78,4,0,1,0.8046828961768137,1,0,0
59,1,0,1,0.9858664019231504,0,1,0
74,6,1,1,0.9745935369350498,0,0,0
76,7,1,0,0.8802595586535449,1,0,1
75,5,1,0,0.4447339487615468,1,1,1
61,7,1,0,0.5095285858421186,1,0,0
62,4,0,1,0.7799104415565783,1,0,0
60,2,1,1,0.7438376926049626,0,0,0
68,2,1,0,0.6603456310503033,1,0,0
74,2,1,1,1.0,1,1,0
64,2,0,0,0.7690548275708055,1,1,0
66,3,0,1,0.8476342934143473,1,1,0
61,2,1,1,0.9278208985707203,1,1,1
58,5,0,0,0.7598925209410428,1,1,1
76,2,0,1,1.0,1,0,0
83,5,0,1,0.5807329855615734,0,1,0
61,3,0,1,0.6409071138190581,0,0,0
85,6,0,0,0.5802913707091488,0,1,0
73,5,1,0,1.0,1,0,0
56,8,0,0,0.8943754573593564,1,1,0
65,4,1,0,0.6520526557106533,0,1,0
50,3,0,1,0.5945022525081395,1,1,1
51,5,1,1,0.9992802901084686,1,0,0
63,6,0,1,0.8151037887609947,0,0,0
68,4,1,0,1.0,0,1,0
82,5,1,1,0.7391731168593199,1,0,1
55,4,1,1,0.8420763580380479,1,1,0
84,3,0,1,0.8040409779439205,0,0,0
59,3,1,1,0.6376599598126675,0,1,1
55,8,0,1,0.7240540514143783,0,0,0
78,6,0,0,0.536825398026298,1,0,0
81,1,0,0,0.8389392282709038,0,0,0
74,8,1,1,0.8870247743424348,0,1,0
54,6,1,0,0.9282290160189576,1,0,1
54,1,1,0,0.869978080770781,1,0,0
65,6,1,1,0.7269221754294556,0,0,0
68,5,0,0,1.0,1,1,1
90,8,0,1,0.910615527791318,0,0,0
61,4,0,0,0.9999383342982788,1,1,1
57,5,0,0,1.0,0,1,0
88,3,1,0,0.7273920620447596,1,1,1
56,3,1,0,0.8198183022407827,0,0,0
51,5,1,0,0.889421733029546,1,1,1
67,7,1,0,0.5431544782438035,0,1,0
66,8,1,1,0.547144828971816,0,0,0
75,7,1,0,0.5161239037208861,1,0,1
85,5,0,0,0.7305419840664198,0,0,0
88,5,1,1,0.6900029293419123,1,1,0
61,3,1,0,0.4915792869068571,1,0,0
90,7,1,0,0.776884480985762,0,1,1
75,3,1,0,0.7327885949910133,0,1,0
52,3,1,0,0.9628032306138588,0,1,0
88,7,1,1,1.0,1,1,1
55,5,0,1,0.8321610612745619,1,1,1
74,3,0,0,0.6246065061540776,0,1,0
82,7,1,1,0.8664103879224724,0,1,0
60,8,1,0,0.7516745261976852,0,1,0
61,3,0,0,0.7067774543193303,0,0,0
69,5,0,0,0.5949117981876338,1,1,0
86,4,1,0,0.6664403929400388,1,0,1
59,6,1,0,0.717997617970711,0,0,0
77,8,0,0,0.8947373505897808,1,1,0
68,5,1,1,0.8419846044734159,0,1,0
54,7,0,0,1.0,0,0,0
79,5,0,0,0.8713808532923649,1,0,0
84,8,1,0,0.8263730864212249,0,0,0
73,4,1,0,0.6948785342149366,0,1,0
57,4,1,0,0.563256663267592,0,1,0
56,4,0,0,0.6474191804664342,0,0,0
67,8,0,0,0.624029040702853,0,0,1
70,5,1,0,0.28903677277227496,1,1,1
72,2,1,0,0.5684462791366491,1,1,1
59,1,1,0,1.0,0,1,0
70,5,0,0,0.8163480383326188,1,0,1
62,7,1,0,0.6822257060378827,0,1,1
78,4,0,1,0.8217263679852037,0,0,0
82,5,1,1,0.39838718536871265,1,0,1
76,7,1,0,0.8007775889632364,0,0,0
50,5,0,0,0.979948607366547,1,0,0
90,8,0,0,0.7281991295239115,0,0,1
50,6,1,1,0.4310418852752577,1,1,1
90,6,0,1,0.6754907037401945,0,1,0
51,7,0,1,0.9802671590969616,0,1,0
71,6,1,0,0.7965533382415804,1,1,1
54,1,1,0,0.49470418293715807,0,1,0
53,4,0,0,1.0,0,0,0
78,2,1,1,0.5243144670758761,0,0,1
79,5,0,1,0.7062735753096214,1,0,1
54,2,0,0,0.5632705198826033,1,1,0
90,5,0,1,0.5635196373155518,1,1,1
63,3,0,0,0.6686127991676718,1,1,0
63,1,1,0,0.8645070287722939,1,0,0
62,1,1,0,0.9822956601395283,0,1,0
68,5,0,1,0.6804897290341573,1,0,0
57,1,0,0,0.5681741602467136,1,0,0
67,7,0,1,0.8361550769987655,1,0,0
58,7,0,1,0.8414334442072537,1,1,1
52,6,1,0,0.7932677403996211,1,1,1
65,2,1,1,0.7996331663232119,1,1,1
77,7,0,0,0.7297380396581373,0,0,1
81,6,1,1,0.7676671538200587,0,1,0
64,4,0,0,0.7173027968477572,0,0,0
63,1,0,0,0.942643870866682,1,0,0
82,5,1,1,1.0,0,1,1
77,7,0,1,0.7823375673072946,0,1,0
84,1,1,0,0.748816995365155,1,1,1
87,1,0,1,0.7960550458242123,0,0,1
83,4,0,0,0.6315740758230075,1,1,0
88,5,1,1,0.8876961067988677,1,0,1
67,4,1,1,0.8294117536346032,0,1,0
66,4,1,0,0.6743153625523157,1,0,1
63,3,1,1,0.9123720274276461,1,1,0
59,1,0,1,0.7534181583021697,0,0,0
80,1,0,0,0.5753898050746125,1,1,1
79,1,0,0,0.8132888001761328,1,1,0
82,6,1,0,0.7926586506118787,1,1,1
56,7,0,0,0.9228752662999125,0,0,0
70,4,1,0,0.8996784510134728,0,0,0
59,1,0,1,0.7303392604868228,0,0,0
86,4,1,1,0.6650243514455645,0,0,1
60,8,0,0,0.7503138750104039,1,1,1
55,2,1,0,0.8153955983403581,1,1,1
73,4,0,1,0.8370757879977089,1,0,1
86,5,1,1,0.8042541974645012,0,1,1
87,3,0,0,0.7336628501750816,1,1,0
53,4,1,0,0.9294270636041803,1,0,0
63,4,1,0,0.6286256590632102,1,1,1
56,4,1,0,1.0,0,1,0
62,6,1,0,0.8873526684276767,1,0,0
71,5,1,0,0.5470526274293981,0,1,1
61,1,0,0,0.7833412795685548,1,1,0
52,1,1,0,0.8890830332457836,0,0,0
70,4,0,0,0.6871135610064523,0,0,0
52,8,1,0,0.48087407143619276,1,1,1
59,1,1,0,0.5629684905121988,0,1,1
50,1,1,1,0.8475767299821992,0,0,0
53,6,0,0,0.43416903493769315,0,0,0
67,4,0,0,0.489117977067716,1,1,0
84,2,0,1,0.8466302544481067,0,0,0
81,2,0,1,0.7099411409675707,0,1,0
54,6,1,0,0.6247595298711366,0,0,0
51,5,1,0,0.660948213481944,1,1,1
63,6,0,0,0.4852535136880225,0,0,0
76,3,0,1,0.8372016174818901,0,1,1
80,5,0,0,0.6048221600968599,0,0,0
83,7,1,0,0.6535646067749032,0,1,1
64,3,0,1,0.812421324585692,0,0,0
56,4,1,1,0.7038070436182411,1,0,0
51,2,0,0,0.6231624042658195,0,0,0
56,6,1,0,0.39190108354969283,1,1,0
52,1,0,1,0.8161366522562067,1,1,1
85,2,0,1,0.7642187341695124,1,0,0
61,6,0,1,0.6568702576169928,0,0,0
83,1,1,1,0.5632681610159677,1,1,1
72,8,1,0,0.7522972461576345,0,1,1
72,4,0,1,0.8364849168946383,0,1,0
68,4,0,1,0.7675965986383747,0,0,0
83,5,1,1,1.0,1,1,1
51,6,0,0,0.8768594104689051,1,0,0
53,4,0,0,0.7306890438586725,0,0,0
67,8,0,0,0.8828901760973815,0,0,0
66,8,1,1,0.7587592101103942,1,0,1
72,2,0,1,0.7581346958140778,1,0,0
80,6,1,0,0.983345483515984,1,0,0
74,3,0,1,0.5883495819347067,0,1,0
60,8,1,1,0.7541957366498925,1,0,1
63,3,0,1,0.9641478004769288,1,1,0
80,3,1,0,0.8056183004714803,1,0,1
58,6,1,0,0.6835704626336199,0,1,1
70,7,0,0,0.4428912422326495,1,0,0
72,2,0,1,0.34133755040513236,0,0,1
80,5,0,1,1.0,1,1,0
79,3,0,0,0.805532127825146,0,1,0
69,5,0,0,0.6448668349644728,0,0,0
62,5,1,1,0.8129022400433713,0,1,0
65,8,1,1,0.579418655105397,1,1,1
66,8,1,0,0.6903837700686721,1,0,1
58,6,1,0,0.5806307292612664,1,0,1
75,6,1,1,0.49561075477838923,0,0,1
58,8,0,1,0.37110270974917403,0,1,1
76,2,0,1,0.46242166939880985,0,1,1
80,6,0,1,0.9338317975087428,1,1,0
89,7,1,0,0.5723612469821944,0,0,0
54,2,0,1,0.8462805801245183,0,1,0
81,8,0,1,0.9221965301721384,1,1,0
53,6,1,0,0.7529843433373424,1,1,1
63,3,0,0,0.6962579017822073,1,0,0
57,4,0,0,0.7739441256949795,1,1,0
56,4,0,0,0.6750083340256595,0,1,0
57,8,0,0,0.9667036671701934,0,0,1
51,8,0,1,1.0,1,1,0
83,7,0,0,1.0,0,1,1
52,6,1,1,0.36271861774075786,1,1,0
66,1,0,1,0.6713351834051795,1,0,0
78,8,1,1,0.7507486449806081,1,1,1
90,2,0,0,0.8333504328760578,0,1,0
85,2,0,0,0.4390833832136314,0,1,0
55,1,0,0,0.4361801411335862,1,1,0
90,8,1,1,0.9852221549325706,0,1,1
76,4,1,0,0.6493585226502397,0,0,1
57,2,0,0,0.4822668590784182,0,1,1
68,1,1,1,0.551344654609867,0,1,0
87,4,0,1,0.8202854357961986,1,1,1
66,6,0,0,0.6019414164365706,0,0,0
57,8,1,1,0.793492615593129,1,0,0
85,5,1,0,0.5738290747056294,1,1,1
89,5,0,0,0.43604397707087633,0,1,1
89,7,0,0,1.0,1,1,0
89,8,0,1,0.8216741840320156,1,1,1
85,3,1,0,0.689924844977139,1,1,0
68,8,0,0,0.6561548900973103,1,0,0
57,5,1,1,1.0,1,1,0
75,8,1,0,0.8564754081951705,0,0,1
59,1,0,0,0.9564263456944366,1,0,1
69,1,0,0,0.644935318051944,1,1,0
76,8,1,1,0.759119977232324,0,1,1
88,6,0,1,0.8223958048793757,0,1,1
61,2,1,1,0.6509875603235086,0,1,1
60,8,1,0,0.7328042203793448,1,0,1
80,1,1,1,0.644950138821015,1,0,1
50,6,0,1,0.8218306555503991,0,0,0
73,2,0,1,0.5121490505068955,0,0,0
80,1,0,1,0.8529546034644704,0,0,0
72,7,0,1,0.8059283763137239,1,0,1
65,7,1,0,0.713404464868682,1,1,1
83,1,0,0,0.830913086217375,1,1,0
65,1,1,1,0.6843107165280641,1,0,0
79,5,1,0,0.6293764665610884,1,1,1
69,1,1,1,0.8478707078619621,0,0,0
51,6,1,1,0.855662520927787,1,0,1
71,8,1,0,0.6586913570143739,0,1,0
52,7,0,1,0.6432505873962495,1,0,1
88,2,1,0,0.7170647729231179,0,0,0
74,2,1,1,0.6506389824934768,1,0,0
65,6,0,0,1.0,0,1,0
69,1,0,0,0.8069656285549572,1,0,1
75,5,1,1,0.7526280420384986,0,1,0
60,4,0,0,0.5821095047359748,0,0,0
61,6,0,0,0.8830181004665953,1,1,0
67,2,1,0,0.6399111180100052,0,1,0
60,7,1,1,0.6325054840054128,0,0,0
81,6,1,0,0.8890706393537855,0,0,0
54,2,1,0,0.8197180897785415,1,0,0
83,3,1,0,0.29937943035559966,1,1,1
64,1,1,1,0.7216012625224244,1,1,1
73,4,1,0,0.7725935316985716,1,0,0
56,3,1,0,0.6888726919593912,0,1,0
65,1,1,1,0.7788654598241649,1,1,0
80,5,1,0,0.42425615947637807,1,1,1
61,5,1,1,0.24041629211866944,0,0,0
55,1,1,0,0.5744157170933513,1,0,0
71,2,0,1,0.800804481918087,1,0,1
56,1,1,0,0.16950787886623975,0,1,0
62,6,1,1,0.5981617078968887,0,0,0
68,3,1,1,0.4039030255441104,1,0,1
73,1,1,0,0.7063276489443574,1,1,1
76,2,1,0,1.0,0,1,0
77,8,0,0,0.7109083209604616,0,1,1
84,3,0,0,0.7306494878404438,1,0,0
52,6,0,1,0.9010615693418818,1,0,0
64,4,0,0,0.7538351804059032,1,0,0
50,2,0,1,0.711301481365919,1,1,0
50,3,0,0,0.9167962663461007,1,1,0
58,1,0,1,0.8349396870921251,0,1,0
74,6,0,1,0.8019526370819615,1,1,0
86,3,1,1,0.7250195725378562,0,0,1
81,4,1,1,0.6877083531491286,0,1,1
76,2,0,1,0.9150907593416993,0,1,0
81,7,1,1,0.6894367284217489,0,1,1
57,2,1,1,0.9716255182840823,0,0,0
84,5,1,0,0.5615136540679292,0,1,1
86,7,0,1,1.0,0,1,1
53,6,1,1,0.8349672149559152,0,0,0
69,5,0,1,0.5756637138506389,0,1,1
84,8,0,1,0.8416161542194152,0,1,0
69,2,0,0,0.6329454783028896,0,0,0
84,8,1,0,0.7560170497825456,1,0,1
88,5,0,0,0.6624071153138548,0,1,0
69,4,1,0,0.7260758104560459,0,1,1
52,3,1,0,0.9194575428857761,1,0,0
63,6,1,0,0.8433320973864036,1,1,0
58,8,0,1,0.547434229481566,0,1,1
69,6,0,1,0.557742640501481,0,1,1
74,1,0,1,0.79873960984776,0,1,0
69,4,1,0,0.8117736828412399,0,0,0
58,6,0,0,0.6285999037103224,1,1,1
62,4,1,1,1.0,0,1,0
77,7,0,0,0.8964290887085272,0,0,0
51,6,1,1,0.6373962542307371,1,0,0
58,1,1,1,0.6199940431531212,1,0,0
86,5,1,1,0.7089936215316155,0,1,1
54,2,1,0,0.6902662060066512,1,1,0
67,4,1,1,0.9761083488717198,0,1,0
58,4,0,1,0.9272141351390796,1,1,0
54,7,1,0,0.7563125124302503,1,1,0
67,7,1,0,0.8720230009600587,1,1,1
71,4,1,1,0.8981355407420188,0,0,0
57,5,0,0,0.7604869310879762,1,0,0
53,6,0,1,0.8224713622864361,0,0,0
55,6,1,0,0.8569537597366107,1,1,1
76,6,1,1,0.8377690302567992,1,1,0
85,7,1,0,0.6098153108743576,1,1,1
57,8,0,0,0.6280122436777088,1,0,1
63,7,0,0,0.6980529608965109,0,1,0
64,2,0,0,0.62280042977156,0,0,0
64,4,1,0,0.4848418969255825,1,0,1
60,4,1,1,0.8716713529708273,1,0,0
52,5,1,0,0.8123534628364203,1,0,0
71,5,0,0,0.5089140162673417,1,0,1
64,6,0,0,0.7066349918890434,1,0,1
64,4,1,1,0.7168285528945271,0,0,0
60,3,1,1,0.782749997131789,0,1,0
88,4,0,1,0.5552539592434214,0,0,0
75,7,1,0,0.5062810375210057,0,1,0
67,3,0,1,0.8435504092861038,0,0,0
58,1,0,0,0.4738868377916479,1,1,0
82,8,1,1,0.7081205712501606,0,1,1
86,2,1,0,0.6913061065635191,0,0,0
51,5,1,1,0.7278088227191787,1,1,1
88,7,1,1,0.7954891718120133,1,1,1
78,3,1,0,1.0,0,1,0
54,3,1,1,0.46209140389363795,0,1,0
80,3,1,0,0.9077846848918949,1,1,0
54,2,1,1,0.2978115768963521,0,0,0
52,2,0,1,1.0,1,0,0
54,2,1,1,0.3822835187033118,0,0,0
68,4,0,1,1.0,0,0,1
75,5,1,0,0.6798417906941121,1,0,0
66,1,1,0,0.9822689509391462,0,1,0
55,7,1,1,0.9451480842139556,1,1,1
58,6,1,0,0.6714319635652065,1,0,0
84,1,0,0,0.6852451407262318,1,0,0
89,7,0,0,0.5993113866361903,1,0,1
80,1,0,1,0.891726629959972,1,0,0
54,5,0,0,0.6737757412406757,1,0,0
83,4,1,0,0.6025829649508678,1,1,1
78,5,1,0,0.8467096821521074,0,0,1
71,8,1,0,0.5885082405469652,0,1,1
55,8,0,1,0.6907831874846395,0,1,1
90,3,0,1,0.7692790556769948,0,1,0
68,5,1,1,0.6343626919329717,1,1,1
51,8,1,1,0.6615212374344116,1,1,1
58,6,0,0,1.0,1,1,0
66,8,1,1,0.7132376639486736,1,1,1
52,4,1,0,0.6852671472389498,1,0,0
63,3,1,0,0.71847747514763,0,1,0
69,5,0,0,0.8318018979298321,1,0,0
88,7,0,0,0.5639045371187046,1,1,1
53,8,1,1,0.8268987720825095,0,0,0
73,6,1,0,0.7960476342106634,0,0,0
87,6,0,1,0.4280420308666589,0,0,1
83,5,0,0,1.0,1,1,0
87,3,1,0,1.0,1,0,0
56,4,0,0,0.6058986721059293,1,1,1
82,4,0,0,0.547963223214489,0,0,0
90,7,1,0,0.7910492694645437,0,1,1
63,5,0,1,0.4933446081903682,1,1,1
70,7,1,1,0.995570931666406,1,0,1
71,1,1,1,0.6656783275645693,0,0,1
70,7,0,0,1.0,1,0,0
61,5,0,1,0.601607393330472,1,1,0
89,8,1,1,0.7298036245979903,1,0,1
89,4,1,0,0.9780982691839258,0,1,1
65,4,1,1,0.6918168936650105,1,0,1
83,2,0,1,0.7989765137716334,0,0,0
66,7,0,1,0.9466785760148424,0,0,0
82,6,1,0,0.64991145884985,0,1,1
73,7,0,0,0.5228869637014156,0,0,0
69,1,1,0,0.48743209266463594,1,0,0
55,2,1,0,0.8550178948988174,0,0,0
76,8,0,0,0.8199801096595714,1,1,0
63,1,1,0,0.9410993711545963,0,1,0
58,5,0,0,0.7006719505831338,1,0,0
57,4,0,1,0.49246729363190234,0,1,0
90,8,0,0,0.32650458486931627,1,0,1
54,7,1,0,1.0,1,1,0
82,8,1,0,0.8448461433367506,0,1,0
85,3,1,0,0.7746225160948129,0,0,0
51,5,0,1,0.800155156856487,0,1,0
74,6,1,1,0.49235898931816147,1,0,1
73,8,0,1,0.6069230416266516,1,1,0
64,1,1,1,1.0,0,0,0
77,8,0,0,0.8685025114533993,0,1,0
66,3,0,1,0.6125524216269715,0,1,0
68,2,1,1,0.5291732409450169,0,1,0
67,5,0,0,0.6571750603899781,1,0,0
82,7,1,1,0.6932224834998819,0,1,0
75,2,0,1,1.0,1,1,0
65,1,0,1,0.716111872326128,0,1,0
87,8,1,0,0.5358806788560577,1,0,1
82,8,0,0,0.7394515745501847,0,0,0
88,2,1,0,0.7975809243080402,0,0,0
79,8,0,0,0.5195016160342731,1,0,1
66,8,1,1,0.8223897962014706,1,0,1
81,8,1,0,0.9676048714088826,1,0,1
63,2,0,1,0.7749608309851373,0,0,0
61,5,0,0,0.6065282726670577,1,1,0
68,8,1,0,0.654803321237373,1,0,0
89,8,1,1,0.45140952420086483,0,0,1
73,5,0,0,0.7259096578615436,1,1,1
65,2,0,0,0.8059403922293844,0,0,0
68,1,0,0,0.588606134724214,0,0,0
61,3,0,0,1.0,1,1,0
77,1,0,1,0.8926103091812067,1,0,1
64,2,0,1,0.4273000789892804,1,0,0
72,1,1,1,0.43099273946863964,1,0,0
65,7,1,1,0.5728757155133126,0,0,1
63,5,0,0,1.0,0,1,0
89,5,1,1,0.9103659078994253,0,1,1
64,7,1,0,1.0,0,1,0
52,4,1,0,0.7518376715812959,1,1,0
65,4,1,1,0.71229192096679,1,1,1
71,2,1,0,0.5254482925090878,0,1,1
53,4,1,1,0.8129431064850232,0,1,0
62,2,0,1,0.7146897299549363,0,0,0
56,5,0,0,0.7077590057132648,0,1,0
70,8,1,0,1.0,0,1,1
79,5,1,1,0.7272577914843791,0,0,0
89,3,0,1,0.9895766599285832,1,0,0
65,6,1,1,0.4641465609943296,1,1,1
85,7,0,1,1.0,0,0,1
58,4,0,0,0.6828113168840335,0,1,0
82,3,1,0,0.8772931241893247,0,1,0
73,6,1,1,0.9059291241503722,1,0,0
81,2,0,0,0.6604757885324216,0,1,0
80,8,1,1,0.8974254162106297,1,0,1
71,3,1,1,0.9067805717846229,0,0,0
60,3,0,1,0.6216339898117618,0,1,0
71,6,0,0,0.6237659596472593,0,1,1
83,1,1,1,0.7581552282272537,0,0,0
89,2,1,0,0.7292110894166396,0,0,1
88,2,0,1,1.0,1,0,0
57,4,0,0,0.8764802732901142,1,1,0
74,5,0,1,0.7373237574966436,0,0,1
54,2,1,0,0.8590940325673813,0,0,0
77,3,1,0,0.38160244599659554,0,0,1
90,7,1,0,0.6392440247462865,1,1,0
52,8,0,1,0.8018077814973998,0,1,1
76,1,0,0,0.9507657903406411,0,1,0
88,6,0,0,0.7859584802380428,1,0,0
84,1,0,0,1.0,1,1,1
66,5,0,0,0.9062291744445474,1,1,0
54,8,1,0,0.662100703667158,0,1,1
87,7,0,0,0.7247944837283216,1,0,0
87,2,0,1,0.8235159035229429,0,1,1
73,3,0,1,0.6692456004858545,0,0,0
90,7,1,1,1.0,1,1,1
50,7,1,1,0.550429295827388,0,0,1
75,3,0,0,0.8068991610763895,1,1,0
51,1,0,1,0.8823804264489103,1,1,1
88,4,1,0,0.6935795418970016,1,0,0
77,5,0,1,0.6530161201231353,0,0,0
87,4,1,0,0.7363053666390003,1,1,1
73,8,1,0,0.8961597323013314,1,1,1
53,7,0,0,0.6600273604449863,0,0,0
51,7,1,1,0.5575941863563274,1,1,1
63,1,0,0,0.9571052598587447,1,1,0
80,7,0,1,0.8218733651284058,0,1,0
56,7,1,0,0.9314143374881131,1,1,0
84,4,0,0,0.8866797116281393,1,0,0
59,5,0,1,1.0,0,1,0
70,7,0,1,0.9506949664091782,1,0,0
58,8,1,1,0.6196656788625323,1,1,1
69,5,0,1,0.8346482341016849,1,1,0
68,1,0,1,0.6496520302121618,1,1,0
50,5,0,0,0.6682572905091899,0,1,0
73,6,1,1,0.4957499278892462,0,0,0
82,1,1,1,0.698499627264023,1,1,0
88,7,1,0,0.8481061719362459,1,0,0
63,2,1,0,0.7381160930759267,0,1,0
86,8,1,1,0.5521136874152356,0,1,1
86,5,0,0,0.47585652015570334,1,0,1
90,3,0,1,1.0,1,1,1
65,1,1,0,0.80852893554747,0,1,0
84,1,0,0,0.6016675494720205,1,1,1
73,6,0,0,0.8331210227465178,0,1,0
52,4,0,0,1.0,1,0,0
61,7,0,0,0.8616832247362611,1,1,0
77,2,1,0,0.24832778357486418,1,1,0
56,8,0,1,1.0,0,1,0
67,8,1,1,0.41713563354773203,0,0,0
81,1,0,0,0.7129178498321702,0,0,0
56,6,0,0,0.545987225994087,0,1,0
70,8,1,1,0.6167996202048216,1,1,1
58,3,0,1,0.8011937432968748,1,1,0
71,1,0,1,0.3772157684162503,0,1,0
59,8,0,1,0.733755794611874,1,1,0
89,4,1,0,0.956521636093445,1,0,1
53,1,1,0,0.5982167415742409,1,1,1
89,7,0,0,0.499748689210412,1,1,1
82,6,1,1,0.7249250816119663,0,1,1
85,1,1,1,0.6890985317907523,0,0,0
84,3,0,1,0.6428590193397956,1,0,0
57,1,1,1,0.5360977062988296,1,0,0
88,8,1,1,0.8434532246135019,1,1,1
74,1,0,1,0.8571474320595115,1,1,1
89,7,0,0,0.5581835877978323,0,0,1
86,5,0,0,0.5830943439713232,1,0,0
73,5,1,0,0.7745685589210306,0,1,0
65,7,1,1,0.57630510154422,1,1,1
54,8,0,0,0.7821591568854219,1,0,1
54,2,1,1,1.0,1,0,0
65,1,0,0,0.7392319173789035,0,0,0
83,1,0,1,0.5315490538609365,1,1,1
70,6,1,1,0.8205786295179147,1,1,0
69,5,1,0,0.7180221486864692,0,1,1
60,1,0,1,0.7229717332515635,1,1,1
73,2,0,1,0.835558117118182,1,1,0
76,5,0,0,0.8743867325000987,0,1,0
90,6,0,0,0.7563903897851948,0,0,0
79,3,1,1,0.739077542992329,1,0,1
74,8,1,1,1.0,0,1,1
87,8,0,0,0.9660997198033137,1,0,0
67,7,0,1,0.9000383012517302,0,0,1
88,4,1,0,0.7736170702584354,0,1,0
65,8,0,1,0.5689662175389048,1,1,1
55,6,1,1,0.9529295494681189,1,1,1
67,5,0,0,0.7759729464092439,0,0,1
55,4,0,0,0.646109577511836,1,1,0
54,7,0,1,0.706234718354215,0,0,1
86,5,0,0,0.5760871380771333,1,0,0
82,2,0,0,0.9403192277374551,0,1,0
59,8,1,0,0.8729466749619215,1,0,1
84,1,0,0,0.7826938430751031,0,0,1
52,6,1,0,0.7422985967474514,1,0,1
61,6,1,1,0.6274796020950283,1,0,1
78,5,1,1,0.36658692412346633,1,1,1
62,1,1,1,0.495673158601188,0,0,0
79,4,0,0,0.6163238388865279,1,1,0
85,8,0,0,0.5892660512375065,0,0,1
52,2,1,1,0.8020849124308917,1,1,0
50,6,0,1,0.8960688735551978,1,1,0
88,7,1,1,0.7268809405978136,0,0,1
71,8,1,0,1.0,0,1,0
70,5,0,0,0.6090784104744065,0,1,1
69,3,0,1,0.72560331718531,0,0,1
67,6,0,0,0.7408223077300328,1,1,1
78,4,0,1,0.9465935391901954,1,1,0
73,6,0,1,0.7690596747747921,0,1,0
56,6,1,1,0.7740424046204631,1,1,1
75,6,1,0,0.45212823929857415,0,1,1
77,2,0,1,0.5880167923420642,0,1,0
54,7,1,1,0.947271409265565,1,1,1
65,5,1,1,0.37643839255250694,1,1,1
82,8,1,1,0.991738677437513,1,1,0
75,6,1,0,0.8399396080117615,1,0,1
55,8,0,1,0.6154461608945241,0,1,1
51,8,1,1,0.6002311842466882,1,0,1
73,8,0,1,1.0,0,0,0
68,6,0,0,1.0,0,1,0
89,5,0,1,0.7285006611221704,0,0,1
71,1,0,0,0.7742265113014283,1,1,0
88,4,1,1,0.633687355036151,0,0,1
58,4,0,1,0.774261116008699,1,1,1
68,7,1,0,0.6286973360575269,0,1,1
55,5,1,0,0.7358622556486476,1,0,0
73,4,0,0,1.0,0,0,0
57,2,1,0,0.7327894716209233,1,1,1
70,6,1,0,0.5613560613707471,1,0,1
64,4,1,1,0.5040530313627046,1,0,1
57,1,0,1,0.7728811963256064,0,0,0
53,3,0,0,0.6130388721912977,1,1,0
70,8,0,1,0.7943885655568566,0,0,0
88,1,1,0,0.4584894432368617,0,0,0
58,4,1,1,0.8742450242236588,0,0,0
66,5,1,0,0.5591703230772591,0,1,1
59,1,0,0,0.758333506669921,0,0,0
83,2,1,0,0.6891054208608051,1,1,1
67,8,0,0,1.0,1,1,0
89,5,1,1,0.780868051217315,0,0,0
60,2,1,1,1.0,0,0,0
53,2,0,1,0.8509336320112355,1,1,0
73,4,0,1,1.0,0,0,0
76,6,0,1,0.7124163228438742,1,1,0
90,6,1,0,0.812190548908258,1,0,0
85,2,1,0,0.9693558460234121,1,0,1
86,6,0,1,0.9128927907451287,0,1,1
76,8,0,1,0.8455787900732225,0,0,0
64,2,0,1,0.6909717300982089,1,1,0
67,1,0,0,0.7214202311147904,1,1,1
55,8,1,0,0.9547791512886041,0,1,0
67,5,0,1,0.9922640247717852,1,0,0
64,7,1,0,0.6432847087296588,1,0,1
51,3,0,1,0.6161233846161054,1,0,0
58,3,1,1,0.587255918111361,1,1,1
71,2,1,0,0.899346110831428,1,1,0
65,2,0,1,0.5826944960287466,0,1,0
90,4,0,1,0.8971686130839145,0,1,1
69,1,1,0,0.8482242617617823,1,0,0
89,7,0,1,0.6518834680141595,1,1,1
77,5,0,0,1.0,0,1,0
51,8,1,0,0.4867933965417792,0,1,1
58,5,0,0,1.0,0,0,0
78,3,1,1,0.8073994555641894,1,1,0
72,5,1,1,0.3767760558014355,1,1,1
62,2,0,1,1.0,0,1,0
71,7,0,1,0.924998250759598,0,0,0
87,6,0,0,0.6729218969856532,0,0,1
65,2,0,1,0.5763502982565486,0,1,1
51,5,0,0,0.46756798610909067,0,0,0
62,5,1,1,1.0,0,0,1
88,2,0,1,0.5837912626508681,0,1,0
81,1,0,1,0.5225540588398334,1,0,0
84,7,0,1,0.798225442383027,1,1,1
87,3,0,1,0.4551791759829993,0,1,0
54,5,0,1,0.5733212882799799,1,0,1
61,2,0,0,0.9290944549488843,1,0,0
52,6,1,1,0.8335579070674883,0,1,1
50,1,1,1,0.6804534072469112,0,1,0
84,3,1,1,0.7532952011276483,0,1,0
88,5,1,1,0.6703553045639994,1,0,1
56,4,1,0,0.7388403943135728,1,0,0
79,5,0,0,0.6128739511392626,1,0,1
71,2,0,0,0.645556922485063,0,0,0
52,4,1,0,0.6400779352418221,0,1,1
87,7,0,0,0.6193450466659641,0,0,1
85,3,1,1,0.9379039793549667,0,1,1
73,2,1,1,0.8886211305623495,0,1,0
79,7,0,1,0.5821746116896291,0,1,0
66,7,1,1,0.5350091173423372,1,0,0
82,6,1,1,0.7216902042364891,0,0,0
68,7,1,1,1.0,1,0,0
90,7,0,1,0.5650130633346214,0,1,0
52,6,0,0,0.7209796098532728,0,0,0
57,5,0,1,0.7659696744691792,0,1,1
89,1,0,1,0.730444408671873,1,1,0
61,5,1,1,0.667522222640492,1,0,1
62,3,1,1,0.9579143949957397,1,0,0
82,7,0,0,0.8318025521298218,1,0,1
57,4,1,0,0.9022449582741136,1,0,1
71,8,1,0,0.8560883909399395,1,1,1
61,5,0,0,0.9109106979250776,1,0,1
58,5,0,0,1.0,1,1,0
89,8,1,1,0.9895879140219002,1,0,0
58,4,1,0,1.0,0,1,0
53,4,1,1,0.9691214306532945,1,0,0
77,3,1,1,0.6294995802250488,1,1,1
85,8,1,1,0.9025161675250492,1,1,1
55,7,1,0,0.8778783322172271,0,0,0
79,2,0,0,1.0,0,1,1
72,4,1,1,0.5759114669982679,0,0,1
84,3,1,1,0.8504311946507286,1,0,1
55,6,0,1,0.6274073379419476,0,0,0
90,1,1,0,0.8422581187380243,1,1,0
75,6,1,0,0.7113456003720505,0,0,1
84,6,0,0,0.8363043847543599,0,0,1
64,2,0,1,0.49613912650534364,1,0,0
88,2,1,1,0.8927807666800616,0,1,1
75,6,1,0,0.787090712733498,0,0,1
55,3,1,0,0.7773947187189428,0,0,0
87,8,0,1,1.0,0,0,0
82,7,1,1,0.6811529883117918,0,1,1
62,8,0,1,0.8116077764589567,1,1,1
72,5,0,0,0.768048725827066,0,1,0
65,8,0,1,0.7856470488433319,1,1,1
72,1,1,0,1.0,0,1,0
89,3,1,1,0.7614852766344747,0,1,0
86,1,0,0,0.6478896360921127,0,0,0
58,6,0,0,1.0,0,0,0
89,5,0,1,0.6946160222209867,1,1,1
67,3,0,1,0.4610679335023701,1,0,1
78,3,0,0,0.6166481328428068,0,1,1
81,6,1,1,0.525614251072286,0,1,1
69,2,0,0,0.4260062160633988,0,1,1
68,5,0,0,0.6846572992137359,1,0,0
68,5,0,0,0.7373611262507822,0,0,0
85,2,1,1,0.9624950247232031,1,0,0
65,2,0,0,0.8632922901711717,0,0,0
61,3,0,1,0.85509017546316,0,0,0
64,5,1,1,0.5892221990644104,0,0,1
57,3,0,0,0.9092879871535406,0,0,0
66,4,0,0,1.0,1,0,0
54,5,1,0,0.8210227604783089,1,0,0
53,2,1,0,0.8260531565336265,0,0,0
79,5,1,1,0.5223553860540038,1,0,1
53,2,0,1,0.939798445368959,0,1,0
73,2,0,0,1.0,1,1,0
81,2,1,0,0.8081314318284307,1,0,1
79,3,1,1,0.6430156898938527,1,1,0
68,1,1,1,0.7208409259221883,1,0,0
57,8,1,0,0.6743242712977342,0,1,1
88,3,1,0,0.685119062431147,0,0,0
84,7,1,1,0.8666369514649307,1,0,1
75,8,1,1,0.8003035401006615,0,1,1
53,7,1,1,0.9307085890748463,1,0,1
51,7,1,0,0.8167624580600797,1,1,1
62,1,1,0,0.594464164683927,0,0,0
56,3,0,0,0.6598754357071097,0,1,0
85,6,1,1,0.6486886068981857,1,1,1
58,5,0,0,0.7164353862086786,0,1,0
61,1,0,1,1.0,1,0,0
90,5,0,1,1.0,1,1,1
83,7,1,0,0.9005882160803854,0,1,1
58,7,0,0,0.7713774834300513,1,0,1
65,4,0,0,0.5049026004892089,0,0,0
71,2,0,1,0.789601495031415,1,1,1
77,3,0,1,0.6077986866413304,1,1,0
88,3,0,1,1.0,0,0,0
85,3,0,1,0.46090097583771195,1,1,0
90,3,1,0,0.8192071799994212,1,1,1
51,4,0,0,0.5926369120229337,1,1,1
59,1,1,0,0.748287266612975,1,0,0
73,3,1,1,0.8698922742559901,0,1,0
52,3,1,0,0.9339543639807775,1,1,0
64,2,1,0,0.7390757638323153,1,1,1
56,8,1,1,0.8870189790326752,0,1,0
88,6,1,0,0.6307553822498215,1,1,1
52,8,0,1,0.7941969092591796,0,0,0
56,5,1,1,0.9303973345988157,1,0,0
58,1,0,1,0.8097779060651978,0,1,0
56,8,1,1,0.6547181346528049,0,0,1
73,4,1,0,0.6997723738385822,1,0,0
64,6,1,1,0.932818091258629,0,1,0
87,4,1,1,0.5534679689529317,0,0,0
60,4,0,1,0.5800232758786585,1,1,0
72,4,0,0,0.8582859767661124,0,1,0
77,3,1,0,0.6709541529824764,1,0,1
75,5,0,0,0.488449524657056,0,1,1
82,6,0,1,0.9931473600675439,0,0,0
58,1,0,0,0.5520719481816166,0,1,0
70,2,1,1,0.7141025976024651,1,0,0
82,7,0,0,0.6384862841363224,1,0,0
85,5,1,1,0.6964169726027603,0,1,1
75,8,0,1,0.5907684976227587,0,0,1
76,5,0,0,0.8785702627848233,0,1,0
85,6,0,1,0.7699482343752441,0,0,1
75,8,0,0,0.9270576471379605,1,0,1
88,6,1,0,0.64034972192249,1,1,1
55,3,1,0,1.0,1,0,0
64,5,1,0,0.40716321860929,1,1,1
54,2,0,1,0.4646757165739871,1,0,1
53,3,1,1,1.0,1,0,1
69,6,1,1,0.8353275001403492,1,1,0
59,2,1,1,0.8114494949500936,1,0,1
66,6,1,0,0.827629555317242,0,1,1
67,5,1,0,0.8528173086270808,0,0,0
75,3,1,1,0.8039581896781111,0,1,1
88,1,0,0,0.576137191507481,0,0,0
84,6,0,1,0.8972743629131024,0,1,1
65,7,1,1,0.8689220780768818,0,0,0
63,6,1,1,1.0,0,0,0
81,4,0,1,1.0,1,0,0
55,6,0,1,0.8094856943357872,1,0,0
72,4,1,1,0.529041176826207,1,0,1
67,3,1,0,1.0,0,0,0
57,3,0,0,0.5667330116994707,0,0,0
75,2,1,1,0.8108335548610286,0,0,0
63,8,1,1,0.7037878932442461,1,0,1
57,6,1,1,0.6724874369667373,1,1,1
76,2,1,0,0.8875740218756731,1,1,1
57,7,0,1,0.7940027278682338,1,1,1
77,2,0,1,0.8423834684282636,1,1,0
56,5,1,0,0.6031764677705933,0,0,1
67,2,0,0,0.7186665062325611,0,0,0
83,3,0,1,0.611483703628674,0,1,1
59,6,0,0,0.7141671141640563,0,0,1
81,8,1,0,0.7286227995238663,0,0,1
79,8,1,0,1.0,1,1,1
87,8,0,1,0.7033100673956267,0,1,1
56,2,1,0,0.3673923015844837,1,0,1
79,1,0,1,1.0,1,1,0
88,8,0,0,0.8308666873246842,1,0,1
81,8,1,0,0.7264181217803899,0,0,0
57,3,1,1,0.671301233965003,1,0,0
83,1,0,0,0.5795533819097606,0,0,0
54,6,0,1,1.0,0,0,0
74,1,1,1,0.7593320799588066,1,0,0
70,1,0,1,0.4372047941733346,1,1,1
71,8,0,0,0.8089932059913435,0,0,0
71,4,0,0,0.9671109063662713,0,1,0
51,1,0,1,0.7781582403036295,0,0,0
70,6,1,0,0.5877131750048435,0,0,0
88,3,0,0,0.5716066285155618,0,0,0
67,5,0,0,0.5848825930105377,0,0,0
61,8,0,0,1.0,0,1,1
90,2,0,0,0.7371004700573716,0,1,1
54,6,0,1,0.44782960535784655,0,1,0
69,7,0,0,0.8191441066520035,0,1,0
71,4,0,1,0.7753866214032394,1,1,1
69,8,1,1,0.6691988159610004,1,1,1
87,4,1,0,0.566326783904014,0,1,0
67,4,1,1,0.5584989180408824,1,1,1
89,8,0,0,0.9455940867839409,1,0,0
52,6,1,0,0.7945523140449176,0,0,0
80,7,0,0,0.8361558596391212,0,0,0
74,7,1,1,0.7940565857244216,0,0,0
59,6,0,1,0.8089839668841279,1,1,1
59,2,1,1,0.6656889605829166,0,0,0
79,4,0,1,0.7129507161934603,0,1,1
76,7,0,0,0.9596841249765077,0,1,0
75,5,0,1,1.0,1,1,0
52,3,1,1,0.5300234422032449,0,0,0
74,3,0,0,0.7125134100405991,1,0,0
90,7,0,0,0.9010713646188596,1,1,1
50,2,1,0,1.0,0,1,0
69,1,0,0,1.0,1,1,0
70,7,0,0,0.60676359330963,0,1,0
86,3,0,1,0.9795083012770486,1,1,1
61,7,0,0,0.7605545343792629,1,1,1
69,5,0,1,0.937994994997633,1,1,0
79,8,0,1,0.8918901625478316,1,0,0
52,5,1,0,0.5224864723383427,1,0,0
82,7,0,1,0.8489953121928916,1,0,1
83,7,1,0,0.9310253864104721,0,0,1
79,2,0,0,0.7463720540949902,0,0,0
76,8,1,1,0.7056630430848082,0,1,0
80,6,0,1,0.4671004958808441,0,1,0
82,1,0,0,0.8730511529791681,0,1,0
87,1,0,1,0.7875747062065039,0,1,1
67,3,1,1,0.5840068953521846,0,1,1
68,1,1,1,0.691348800562248,1,0,0
76,3,1,1,0.7778105848429991,1,1,1
57,8,1,0,0.6494455579705193,1,0,1
85,4,0,0,0.7504818829517804,0,1,0
81,1,1,0,0.4350121235033792,1,1,1
75,4,1,1,0.9928959054333519,0,0,0
62,2,1,1,0.7528636712939313,0,1,0
64,7,1,1,0.5521163688317441,0,0,1
67,1,0,1,0.30725240729021713,1,0,1
77,7,0,1,0.9352442893860107,0,1,1
81,4,0,0,0.8504564794902556,0,1,0
77,1,1,0,0.7879234284244292,1,1,0
88,6,1,1,0.9054566402276287,1,0,0
89,4,1,0,0.9049617113334081,0,1,0
78,7,1,1,0.7849988526096359,1,1,1
65,5,0,0,0.704241440893593,1,0,1
74,7,0,1,0.6749145122492536,1,1,1
67,4,0,1,0.8257695643029359,0,1,0
75,1,1,1,1.0,0,0,0
83,2,1,1,0.7314774291631253,0,0,0
65,4,1,1,1.0,1,1,1
70,4,1,1,0.8171674452214341,0,0,1
51,7,0,0,0.8185243743329991,0,1,0
80,4,1,1,1.0,1,0,0
70,7,1,1,1.0,1,0,1
68,2,1,0,1.0,0,1,0
71,4,1,0,0.6064295414939656,1,1,1
58,7,1,0,1.0,1,0,0
74,1,0,1,0.7352009770584078,1,1,1
80,3,1,1,0.7090515876443688,0,0,0
64,7,0,0,0.361335285585617,1,1,1
55,5,1,1,0.8087323484196881,1,0,1
65,7,1,0,0.5549962875415249,0,1,1
58,5,1,1,0.8234856891384583,1,0,0
65,7,0,0,0.5409182760172155,0,0,0
75,8,0,0,1.0,1,1,0
54,8,1,0,0.8492833133178112,0,1,1
80,1,1,0,1.0,0,1,0
59,5,0,0,0.5658556743313476,0,1,0
86,1,1,1,1.0,0,1,0
80,2,1,0,0.4255117649340912,1,1,1
61,3,1,0,0.7874535857653729,1,0,1
73,6,0,1,0.6363078384104488,0,1,0
54,4,1,0,0.6693678236549357,1,0,0
54,7,0,0,0.6570306447764108,0,1,0
89,3,1,1,0.5853510866367608,0,0,0
82,5,1,0,0.5232561048028753,1,1,1
56,7,0,1,0.6703631747523354,0,1,0
61,8,1,0,0.7708851115116367,1,1,1
58,2,0,1,0.9594649841926833,0,1,0
66,6,1,0,0.8031630713917897,0,0,1
61,1,0,1,0.9599772362329895,0,0,0
63,5,1,1,0.48392816304772196,1,1,1
71,4,0,1,0.6720655069724264,0,1,1
57,8,0,0,0.8779808854445564,1,0,0
86,7,0,0,0.8117743360424445,0,0,0
79,8,1,1,0.594988479361348,1,0,1
81,7,0,0,0.9181324005898623,0,1,0
56,4,0,0,0.6543708272485533,0,0,0
79,6,0,1,0.6100745589491302,1,1,1
84,1,0,0,0.8376505968894254,1,1,1
57,5,0,0,0.7511104857601625,1,1,1
80,1,1,1,0.6558757796948502,0,0,0
64,6,1,1,0.6497636654555211,1,1,0
82,8,1,1,0.5574365760347944,0,0,1
69,6,1,1,0.6787653157094043,1,0,1
82,7,1,0,0.9480016983877384,0,0,0
56,2,0,0,0.7940190833378695,1,1,0
65,8,1,1,0.9225469345399222,0,1,1
61,5,0,1,0.8428923367814463,0,0,0
60,6,1,0,0.6397956827450725,0,1,1
62,7,0,1,0.45315457053883623,1,1,0
65,6,1,1,0.5831662143533168,1,1,0
55,3,0,0,0.6291775540024465,0,0,0
78,5,0,1,0.6152550833475012,1,0,0
72,6,0,0,0.9265835868347496,0,0,0
84,7,1,0,0.9247059240329464,1,0,1
78,4,0,1,1.0,1,1,1
56,5,0,0,0.6125301891853706,1,0,0
52,5,0,0,1.0,0,0,0
67,1,1,1,1.0,1,0,0
69,1,1,0,0.7081925235530044,1,0,0
59,1,1,0,0.8352399714492422,1,0,0
82,6,1,1,0.9733319848454179,1,0,1
73,4,0,0,0.739393567920793,1,0,1
80,7,1,1,0.7254494801013643,0,1,1
54,6,0,0,0.6370792641988586,1,1,0
83,2,0,1,0.32519306664065467,0,1,1
58,1,0,0,0.7626848909679262,0,0,0
68,3,0,1,0.6222235210583833,1,1,0
68,8,0,1,0.556437247748971,1,1,0
83,1,1,1,0.8259944970259766,1,1,0
61,2,1,0,0.4887637966522024,0,1,0
59,1,0,0,0.8950943804305111,1,0,0
63,4,0,1,0.8370478767468938,1,1,1
64,8,1,0,0.6779652218944947,0,0,1
57,6,0,1,0.7386041544879973,1,0,0
57,4,1,1,0.5357602030522364,1,0,1
59,2,0,1,0.8850609486057677,0,0,1
69,3,1,0,0.7837255633892277,0,1,0
64,5,1,1,0.797132991826118,0,0,0
66,3,0,1,0.8403402683411634,0,1,0
79,6,0,0,0.6343652254994897,0,0,0
59,8,1,1,0.4765695105142319,1,0,1
87,2,0,0,0.9223173074842735,0,0,1
80,3,0,0,0.8739693144502334,0,0,0
57,2,0,0,0.6536354154112318,0,1,0
62,6,0,1,0.8236398358434072,0,1,0
57,4,1,1,0.976435218969231,1,1,1
61,3,0,1,0.9549661445551092,0,1,0
64,2,0,1,0.6483794094422408,1,1,0
55,1,1,1,0.48202301182183477,1,1,1
50,4,1,0,0.5129012748725844,0,0,0
67,6,1,0,0.69388931766808,1,0,1
78,2,1,0,1.0,0,1,0
62,1,0,1,0.6188798258145537,1,0,1
85,4,1,0,0.642660986458316,0,1,1
65,6,0,0,0.6389560023387028,0,0,0
86,3,1,0,0.6542884566680399,1,0,1
59,3,1,1,0.7479791680644071,0,0,0
72,2,1,1,0.519590968580684,1,1,1
81,6,1,1,0.9451847921388512,1,1,1
52,7,0,0,0.7239322059582636,0,0,0
88,7,0,0,1.0,0,0,0
64,5,1,1,0.5387572202609974,0,0,0
70,6,0,0,1.0,0,0,0
75,4,1,1,1.0,0,1,0
76,1,1,1,0.6758968784077832,0,1,1
50,3,0,0,0.6788890895678639,1,1,0
85,6,1,1,0.5841663930966186,1,1,1
75,6,1,0,0.58623214345688,1,1,1
90,8,1,0,0.7498909290405256,1,0,0
69,8,0,1,0.753725277164345,0,0,0
75,2,0,1,0.46157605195059037,0,1,1
68,1,0,0,1.0,1,1,1
86,3,0,1,0.7032869657106489,0,0,1
84,8,0,1,0.7618102098990939,0,0,0
87,7,0,0,0.6372772619855804,1,1,1
70,1,0,1,0.7019382829634698,1,1,0
82,2,0,1,0.6855819399760424,1,0,1
64,5,1,0,0.7494725233514531,0,0,0
68,6,1,0,0.7473738161229394,0,1,0
81,8,1,1,0.8948759427373927,1,0,1
53,7,0,0,0.7908995886777797,0,0,0
79,2,1,1,0.8767709436719106,0,0,0
50,1,1,1,0.7482340520750218,1,0,0
73,6,0,1,0.7916254599190604,1,0,1
69,5,1,0,0.7065649771170112,1,1,1
69,8,0,0,0.9305601121807767,0,1,0
70,5,1,1,0.8080720373128665,1,1,0
70,5,0,0,0.7215465261876779,1,0,0
66,3,1,1,0.7161761757807623,1,0,0
68,1,0,1,0.7303369185755405,1,0,0
73,8,1,1,0.7554799062618657,1,0,1
81,7,1,1,0.7398550017805944,1,0,1
72,2,0,0,0.6494085020619552,0,0,0
76,6,0,0,0.887682099948287,0,1,0
84,3,0,0,0.8990536786586706,0,0,0
90,4,0,1,1.0,1,1,0
54,7,0,1,0.641346652083943,0,1,1
79,7,1,1,0.869958970527379,1,1,1
59,2,1,1,0.40635528306911717,1,0,1
58,3,1,0,0.8992277517039398,1,0,0
82,7,1,1,0.48781521929870675,0,1,1
52,8,1,0,0.5728204013569886,1,0,1
84,1,0,0,0.8098005592228473,0,1,0
81,7,1,0,0.6381301736239838,1,1,1
90,4,0,0,0.6134963681994762,0,1,0
77,5,1,1,0.6627331159502977,0,1,1
85,1,0,0,0.8813326785453346,1,1,0
54,6,0,0,0.5820797286448062,0,0,0
86,6,0,1,0.7402521244399436,1,0,0
56,6,1,1,0.6818418687829194,0,1,1
62,7,1,0,0.8975803388392225,0,1,0
55,8,1,0,0.9026259157349117,0,0,0
66,7,0,1,0.41964927646149974,0,0,1
80,6,1,1,0.9381196953775767,1,1,0
60,8,1,0,0.6400639368374139,1,0,1
83,6,0,0,0.7925325957474013,0,0,0
74,6,1,0,0.5809964267310066,0,1,1
75,5,1,0,0.816804228487761,1,0,1
88,7,0,1,1.0,1,1,0
67,1,0,0,0.772889801031306,0,1,0
64,5,0,1,0.6672274108236558,0,0,1
90,4,1,0,0.7082109777584026,0,1,1
72,8,1,1,0.48557460769715644,1,0,1
75,1,1,1,1.0,1,0,1
62,6,1,0,0.8063189593673898,0,0,0
58,2,0,1,0.5611983768663876,0,0,0
56,8,0,1,0.5670627077768244,1,1,1
59,7,0,1,0.7527508282467887,0,0,0
58,2,0,0,0.9177591708009276,0,0,1
80,7,1,0,0.5428218164273452,0,1,1
52,4,1,1,0.9504136815360908,0,1,1
75,8,1,0,0.7335059606477574,0,1,0
88,6,1,1,0.5825561906987226,1,1,1
81,1,0,1,0.665815723216864,0,1,1
66,2,1,0,1.0,1,0,1
52,4,0,0,0.5001215994218393,1,0,0
84,2,1,1,0.6182592679296937,1,1,1
50,2,1,0,0.9214650452342856,1,0,0
77,8,1,0,0.7889622678216542,1,1,1
77,7,1,1,0.6075766527135507,1,0,1
57,4,0,0,0.9236627825456681,1,1,0
80,2,1,0,0.9322132319704526,0,0,0
57,2,1,0,0.8096503203332546,1,0,0
59,8,1,0,0.6397686142349674,1,0,1
83,3,0,0,0.6675051684298156,0,0,0
90,1,0,0,0.8012416917537117,0,1,0
60,4,1,1,0.5138527689815917,1,1,1
87,4,0,0,0.9890012786039601,0,1,0
87,5,1,1,1.0,0,1,1
81,3,0,0,0.7075281270287512,1,0,1
55,8,1,1,0.8140988086375452,0,1,1
62,6,0,0,0.9634443677128787,0,0,0
77,8,1,1,1.0,1,0,1
90,3,0,0,1.0,0,0,0
83,6,1,1,0.4376032475954173,0,1,1
67,3,0,1,0.6932003361010466,0,1,0
59,6,1,0,0.8401238852669795,0,0,0
89,6,0,1,0.6610408865576523,0,1,1
61,3,1,0,1.0,0,0,0
64,8,1,0,1.0,1,1,1
89,7,1,0,0.6031325745734286,1,0,1
73,8,0,1,0.7207679964169698,0,0,0
60,2,0,1,0.6150802554858653,1,0,1
50,6,0,1,0.7148768800608895,0,1,1
67,1,0,1,0.709422177119991,0,1,0
90,1,1,1,0.9217664246544345,0,1,0
67,8,1,1,0.5900763605279098,0,0,1
78,2,0,1,0.27898507110796256,1,0,1
60,7,1,0,0.46118224519773243,0,1,1
81,4,0,1,0.5649057097127886,0,0,0
81,3,1,0,0.6319755139805271,0,1,0
74,1,0,0,0.7836913921107383,0,0,0
81,6,1,1,0.5556370970048052,0,0,1
73,6,0,0,0.5320018937532123,1,1,1
65,4,0,0,0.5826994648226203,0,1,1
80,7,0,1,0.5491822797912393,0,0,0
84,3,0,1,0.6501911260267839,1,0,0
84,5,1,0,0.6424882687388882,0,1,1
58,3,1,0,0.8740302270552859,1,0,0
77,5,0,0,0.5718847106874679,0,0,0
50,2,0,0,0.6856326069006412,0,1,0
73,4,1,0,0.6518959176149816,1,1,1
73,5,1,1,0.8955992956867621,0,0,0
64,5,0,0,0.7222297303168133,0,1,1
90,4,1,1,0.9391254102118549,0,0,1
86,6,1,0,0.5425733683191344,1,1,1
51,5,1,1,0.7411140104817324,0,1,0
58,3,1,1,0.6463396169346122,1,0,0
58,2,0,0,0.5293117023805913,0,0,0
86,6,0,1,0.7378480126226896,1,1,1
71,8,1,0,1.0,1,0,1
79,7,0,1,0.596476415473296,1,0,1
83,6,0,1,0.7270581032692021,1,1,1
81,8,1,1,0.5137983084733408,1,1,1
53,8,0,1,0.48733900105727834,0,1,1
55,5,1,1,0.6082945807182778,0,1,0
66,1,0,0,0.6690030579067475,0,1,1
63,6,0,0,0.676995052632393,0,1,1
80,5,0,1,0.7093154972857393,1,1,1
56,3,0,1,0.4533001246733935,0,1,0
65,7,1,0,0.637329681928745,1,0,0
59,7,1,1,0.8403165252126615,1,0,0
57,3,1,0,0.5055158868789832,0,0,1
57,4,1,0,0.6860737749278872,0,1,0
58,2,0,1,0.8027118767888523,1,0,1
73,2,0,1,0.6091919540357394,0,0,0
66,3,1,1,0.8114743913089526,0,0,0
67,3,0,1,0.4761972697106944,0,1,1
69,3,1,0,0.9099209231277969,1,1,0
80,2,1,1,0.8158441319568652,0,0,0
85,4,1,0,0.7600197726317041,0,1,0
71,5,1,1,0.9524672447350513,0,0,1
76,3,1,1,0.6907171693374093,1,0,0
80,5,1,0,0.6387858997568558,1,1,1
78,3,1,1,0.9970579711375043,0,0,1
55,6,0,0,1.0,0,0,0
90,6,0,1,0.6251812128988027,1,0,1
56,8,1,0,0.7295262173205932,0,1,0
66,1,0,0,0.9381076577870617,1,1,0
76,7,1,1,0.735933899674061,0,1,1
66,3,0,1,0.857025931572837,1,0,0
59,1,1,0,0.8904726475479088,1,1,0
87,6,1,1,0.648785176399822,1,1,1
52,2,1,1,0.8254694394120466,1,0,0
60,2,1,1,0.7488853149882113,0,0,0
90,8,0,1,0.5309636531891229,1,1,1
79,2,0,0,0.571862523642888,1,0,0
53,5,0,1,0.6325649536086536,1,0,0
80,2,0,1,0.9171335731444688,0,1,0
89,1,1,1,0.9230444692163989,1,0,0
54,1,1,1,0.8849843252978912,1,1,1
66,1,0,1,0.8292199265878112,1,0,0
69,4,0,1,0.8243087352881592,0,0,0
55,4,1,1,0.7999608809198694,0,0,1
58,1,1,1,0.8233674699758942,0,0,0
57,3,1,1,0.8355652650595564,1,0,0
57,3,1,1,0.49720401016907145,0,1,0
66,5,0,0,0.6077555137300371,1,1,0
69,8,0,0,0.5647941075932323,1,1,1
59,6,0,1,0.9492861013777216,1,1,1
61,8,0,0,1.0,1,1,1
57,2,0,1,0.35957137432580855,1,1,0
82,2,0,1,1.0,0,1,0
58,7,1,0,0.7656098472356753,0,1,0
87,3,0,0,0.9322895674485663,1,1,0
72,7,1,0,0.8411640878252813,1,0,0
82,4,1,0,1.0,0,1,0
76,2,1,1,0.7877536380043493,1,0,0
60,7,1,1,0.5045781974136749,0,0,1
74,5,1,0,0.7309785209208222,0,1,1
61,7,0,0,0.842818088299225,0,0,0
54,4,0,0,0.7111270017238155,0,1,1
60,2,1,1,0.8683917099874807,1,1,0
61,6,1,1,0.7381744700447201,1,0,1
55,1,0,0,0.6428083225593234,1,0,0
50,6,0,1,0.5545238910039226,0,0,1
88,4,0,0,0.679473231143998,1,0,0
71,7,0,1,0.7868228969460589,1,0,1
66,7,1,0,0.3973094752339289,0,1,0
88,4,0,1,0.6095862460712957,1,0,1
59,8,1,1,0.39059543194060825,0,0,0
66,1,1,0,0.6389265262839529,0,0,0
84,1,1,1,0.9655166521717002,1,1,1
75,8,0,1,0.5364990512888096,1,1,1
66,5,0,0,0.8765687542550393,0,0,1
60,4,0,0,1.0,0,0,0
51,2,1,0,1.0,1,1,0
53,3,1,1,0.7740324084704181,0,1,0
56,6,0,0,0.9045182020433669,1,1,0
82,7,0,0,0.5034570955613775,0,0,1
76,8,1,1,0.46678536238610024,0,0,1
67,4,1,1,0.7551656596342908,0,1,1
82,4,1,1,0.821749901424314,0,0,0
56,2,1,0,0.9469927711648632,1,1,0
58,1,1,1,0.6476228145477633,1,0,0
66,4,0,0,0.7848111871850962,1,0,0
87,5,0,0,0.7786400801795355,1,1,0
75,1,1,1,0.726349060996236,0,1,1
84,4,0,1,0.7369545222958798,1,1,0
60,6,1,1,0.5961531895248791,1,0,0
84,7,1,0,0.8003473335092933,1,0,0
52,8,0,1,0.7851089964351141,1,1,1
59,3,0,0,0.6707978821279137,0,0,0
71,4,0,0,0.8698393678842421,0,0,0
52,7,1,0,0.9350096859178132,1,1,0
85,6,1,1,0.8719277332755833,0,0,0
85,3,1,0,0.5623602023890696,1,0,0
72,6,1,1,0.7679362380351585,1,1,1
62,2,1,0,0.5859423186845786,1,1,1
54,4,0,1,0.7673798543339699,0,0,0
75,3,0,1,0.5866433945364156,0,0,0
72,8,1,1,0.9798894007238614,0,0,1
81,1,1,0,0.8909996644235716,1,0,1
74,7,1,0,0.95753807496163,1,0,0
55,3,0,1,0.9393099762351893,0,1,0
54,1,0,0,0.7012920519167404,0,0,0
82,6,0,1,0.6733902461650634,0,0,1
56,6,0,0,1.0,1,1,0
88,2,1,1,0.7202784629689652,1,1,1
54,1,0,0,0.5061754843550401,0,0,0
79,1,0,0,0.9313440120598485,1,1,0
89,4,1,0,0.7758796202874697,0,1,1
68,2,1,1,1.0,1,1,0
52,6,0,1,0.7937345420365527,0,0,1
85,1,1,0,0.7463997322775916,1,1,0
57,7,1,0,1.0,1,1,1
71,7,1,0,0.4730760578933423,0,1,0
90,6,0,1,0.6446347851714587,1,1,1
80,8,1,0,0.5902746650660625,1,1,1
51,8,1,0,0.3548856398568088,0,1,1
83,1,1,1,0.9071717570429886,1,1,1
56,3,1,1,0.649664685483071,0,0,0
80,7,0,1,0.9129662474963834,1,1,1
75,3,1,1,0.8200355684222287,1,1,1
61,6,1,1,0.8592856439929831,1,1,0
67,7,1,1,0.6680280934486834,1,1,1
54,8,0,1,0.6124353340826914,1,0,0
90,3,1,1,0.7661569575395497,0,1,0
59,3,1,1,0.9154502729954704,1,0,0
62,1,1,0,0.7409312390129265,0,0,0
70,3,0,1,0.6236514619261874,0,0,0
77,3,0,1,0.5341767435482955,1,1,1
70,4,1,1,0.7867493427582889,1,0,1
70,4,1,1,0.6502678437128633,1,1,0
73,7,0,0,0.7370866942698469,0,0,1
85,7,0,0,0.7070198191952413,0,0,1
66,6,0,1,0.6700024245567818,0,0,0
84,1,0,1,0.8028846409367122,1,1,1
82,4,0,1,0.8498107351459393,1,0,1
89,6,0,1,1.0,1,1,1
87,2,0,1,0.8864341886432121,1,1,0
82,4,1,0,1.0,1,0,1
60,6,0,0,0.6026519331476874,1,1,0
81,7,1,1,0.46182994126913574,1,1,1
80,7,0,0,0.7474025539703716,0,0,0
61,4,0,0,0.9044449039468379,0,0,0
77,4,0,1,0.8762091092686973,0,1,1
60,4,0,1,0.9680486830187834,0,0,0
71,6,1,0,0.29342183538266287,1,1,1
82,4,0,0,0.9755358410791574,1,1,0
57,4,0,0,0.8103832727573352,1,1,0
63,2,1,0,0.4720775978774977,1,0,0
82,4,1,1,0.8802351924111851,1,0,0
68,2,0,0,0.7805068638299334,1,1,0
89,5,0,1,0.8186212737440491,1,0,1
50,8,0,0,0.9298396470567651,1,1,0
79,7,1,1,0.8274495663175289,0,0,1
83,4,1,0,0.48489148227545664,1,0,1
87,8,0,1,0.7242552714390764,1,1,0
56,8,0,1,0.4588238692468395,0,1,1
90,4,1,0,0.8668311385006007,0,1,0
66,7,1,0,1.0,0,1,0
64,3,1,0,0.5265386467405814,1,1,0
64,8,1,0,0.6291365231041661,0,0,1
76,3,1,1,0.5911735221980097,1,1,1
77,3,0,1,0.6682970510510994,0,0,1
69,2,0,0,0.8242361684757963,0,1,1
52,7,1,0,0.6702475580217914,0,1,0
90,3,1,1,0.8674554310858245,1,1,0
59,7,0,1,0.9417683586136755,0,0,0
53,1,0,1,0.9483166670392699,1,1,0
74,5,1,1,0.5487274028334634,0,1,1
66,4,0,1,0.9994672100050901,0,1,0
75,4,1,1,1.0,0,0,1
85,2,0,1,1.0,0,0,0
53,1,0,0,0.7215933324508148,0,0,0
61,3,1,1,0.61466835480415,1,1,1
71,4,0,0,0.5728365855335847,1,0,0
82,7,0,1,0.5516796204165326,1,0,1
74,4,0,1,0.7521042731996763,0,1,0
65,2,1,0,0.9026133341682765,1,0,0
75,3,1,0,0.985180519377722,0,0,0
90,5,0,0,0.6625997190547768,0,1,0
69,4,0,1,0.743036111925548,1,0,0
86,8,0,0,0.7312462403877398,1,0,1
81,4,0,0,0.635649555024275,1,0,0
62,5,0,1,0.8824349153569114,0,0,0
60,1,1,1,0.8153126843921806,1,1,1
81,2,0,0,0.7755281715215291,0,1,0
58,7,0,0,0.8144949790552665,0,1,0
63,3,1,1,0.8607812246323471,0,0,1
59,4,0,1,0.8589786634434698,0,0,0
74,5,1,1,0.5990718078980657,0,0,1
62,1,1,0,0.9113391387737303,0,0,0
76,5,1,0,0.7959659011825007,0,0,0
88,3,0,0,0.6717690849035522,1,1,1
84,2,0,1,0.7921613444603106,0,1,0
88,4,0,0,0.8120059458105096,1,1,0
51,4,0,0,0.9447210600895423,0,0,0
68,2,1,0,0.5616919868726675,1,1,0
59,5,1,0,0.9884971836577547,1,0,0
87,6,0,1,0.754169944135769,1,1,1
79,3,0,0,0.6588924148652523,0,1,0
63,8,1,1,0.6533835420257158,0,0,1
73,5,0,0,0.5697538034983357,0,0,0
74,7,1,0,0.43663532092378626,0,0,1
70,1,1,1,0.8719319784646566,1,1,0
69,7,1,1,1.0,1,1,1
52,3,0,1,0.45882923720955326,1,0,0
68,6,1,0,0.5789229751325355,1,0,1
64,7,0,1,0.88528497404616,1,1,0
83,3,0,0,0.7417853564391439,0,1,0
85,3,0,1,0.9001954636095268,0,1,0
80,1,1,0,0.7316903058332094,1,1,0
51,5,1,1,0.645487050132052,1,0,1
84,7,0,0,0.7093484200788364,0,1,1
66,4,0,1,0.32122390399392664,1,0,1
67,2,1,0,0.5441728177832763,0,0,0
88,3,1,1,0.9206902873593663,1,0,0
85,4,1,1,0.964541971952192,1,0,0
52,8,0,0,1.0,1,0,0
64,1,0,0,0.8293564823606459,1,0,0
80,3,0,1,0.3439076026284714,0,0,1
72,6,1,1,0.6356988247463145,1,0,1
60,2,0,1,0.9884380217787537,0,0,0
71,8,0,1,1.0,1,0,0
85,8,1,0,0.9952765937413037,0,0,1
59,4,1,0,0.7074745563414361,0,1,0
80,6,0,0,0.5148163440165783,0,0,0
80,7,1,0,0.7426863138074733,1,1,1
86,6,1,0,0.7526652632814472,1,0,0
62,2,0,1,1.0,0,0,0
58,1,0,0,0.791002434021998,0,1,0
72,3,0,0,0.7530026121985388,1,0,1
71,2,0,1,0.7632291266658225,1,0,0
66,3,0,1,0.8219745893572835,0,0,0
81,6,0,0,0.8627592154910823,1,1,0
82,5,1,1,0.6195832618767607,0,1,1
60,2,1,1,0.5596283289673977,1,1,0
82,1,1,1,0.9967005338528457,1,0,0
59,2,0,1,0.454612567001577,0,0,1
66,4,1,1,1.0,1,1,0
51,7,1,0,0.40607783449433404,1,0,1
63,3,1,1,0.6447825960904162,0,1,0
89,3,1,1,0.9249337147050205,0,0,0
68,5,0,1,0.7500615400340892,0,0,0
79,1,1,1,0.5130341753228687,0,1,0
54,2,1,1,0.8267570677426793,1,0,0
76,1,1,1,0.7620607815240866,0,0,0
65,5,0,0,0.711111308080444,1,0,0
80,4,1,0,0.6376939876590766,0,0,1
88,5,1,0,0.743770920084492,0,0,1
71,5,1,1,0.645254109848576,1,1,1
54,4,0,1,1.0,1,0,0
69,7,0,0,0.7067969126729808,0,1,0
55,8,1,0,0.6827237483125601,0,0,0
68,1,1,0,0.652505493812198,1,0,0
52,8,0,0,1.0,0,1,0
76,2,1,0,0.454967961978798,0,1,1
62,2,1,0,0.8146978359418952,0,0,0
58,5,0,0,0.7069278050622472,1,0,0
50,1,0,1,0.49378798116443784,1,1,0
86,3,1,1,0.6025662609846392,0,0,1
84,2,1,1,0.8070517189030499,1,1,1
83,4,1,0,0.5944092204619043,1,0,1
52,7,1,1,0.7967215070796078,1,1,0
64,8,0,1,1.0,0,1,0
89,2,0,1,0.7807081218991204,0,0,0
73,5,1,0,0.4883677538655908,1,0,1
55,4,1,1,0.5975766728675598,1,0,1
55,4,0,1,0.6986269670258528,1,1,1
60,6,1,1,0.6865976785809613,0,0,0
89,8,0,0,0.7773624921208653,1,1,1
56,4,0,1,0.806239729574052,0,1,0
87,1,0,1,1.0,0,1,0
77,8,0,0,0.7493304602841792,0,0,1
87,8,1,1,0.5426049995623362,1,0,1
83,3,1,1,0.957685103444742,0,1,0
63,5,0,0,0.9773444238205843,1,0,0
83,7,1,1,0.7918397569210744,0,0,0
56,5,1,1,0.7056490088623869,1,1,1
61,4,1,0,0.862058352458831,1,0,0
58,8,0,0,0.7120056335376846,1,0,1
55,7,1,1,0.37997239282005285,1,1,1
53,5,0,1,0.851425370935044,1,1,0
57,2,0,0,0.910605265855424,1,1,0
54,4,1,1,1.0,1,0,0
65,6,0,0,0.6184634802685384,0,1,1
52,3,0,0,0.7907097568550292,1,1,0
52,5,1,1,0.7946039204135369,0,1,0
90,6,1,0,0.7653688607466866,0,1,1
53,1,0,1,0.7706740868915187,0,1,0
53,5,0,0,0.7566844827678539,0,1,0
51,6,0,1,0.7881148922849069,0,1,0
55,2,1,1,0.8833225861191636,1,0,0
71,5,1,0,0.9696517544251768,1,1,1
83,6,1,1,0.6138601642751451,1,0,0
80,1,0,0,0.7189857561381272,0,1,0
73,6,0,0,0.6739305384202217,0,0,0
53,3,0,0,0.6481789757039895,0,0,0
81,4,0,0,0.4591143452449153,0,0,0
51,6,1,0,0.7543600420535331,0,1,0
75,1,0,0,0.8362776665181518,0,1,0
66,1,1,1,0.722082044658203,1,0,0
86,4,1,1,0.7483875786485247,0,0,0
62,8,0,1,0.8253186470236437,0,1,1
76,1,1,0,1.0,1,0,0
68,7,1,0,0.6744423846858535,0,0,1
71,1,0,0,0.5391098194198999,1,0,0
88,4,0,1,0.7337207735411495,1,1,0
79,4,0,1,1.0,0,0,0
66,4,0,0,0.5410378994828902,1,0,1
68,1,1,0,0.8670244252044511,0,1,0
78,7,1,0,0.9584243812713205,0,0,0
64,3,0,1,0.32420384050903317,0,1,1
56,7,1,0,0.8238400542495273,1,1,1
69,6,1,0,0.8586139146731571,1,0,1
52,5,0,1,0.7018796637516262,1,0,0
56,3,1,0,0.6336410590038509,1,0,1
67,6,0,1,0.6436807765456836,1,0,1
82,8,0,1,0.6908576707423881,0,1,1
82,8,0,1,0.6956227142962002,0,1,1
60,8,1,0,0.6616601323037818,0,1,0
67,2,1,1,0.6879944545171598,1,0,0
56,5,0,0,0.9643425282923931,1,1,1
80,4,0,1,0.5314028197952757,1,1,1
60,8,0,1,0.43516948381111376,1,1,1
82,8,1,1,0.9672213193021767,0,0,0
84,7,1,1,0.7154368033186952,1,1,1
78,2,0,1,0.6801181873531436,0,0,0
63,3,1,1,0.7299809177281196,0,1,1
89,6,1,0,0.7876698061402428,0,1,1
78,6,1,0,0.6556707791186942,1,1,0
76,3,1,0,0.8410676029765145,0,0,0
85,2,1,0,0.5767927367143987,1,1,1
86,2,1,1,0.6956712879871465,0,1,1
53,6,0,0,0.3513546740487446,1,1,1
86,4,0,0,0.9610026842754795,1,1,1
81,4,1,1,0.7183042146192666,0,1,1
58,7,0,0,0.8706187365126885,0,0,0
62,1,1,1,0.835783425167925,0,0,0
80,7,1,1,0.848966480466838,0,1,1
58,3,0,1,0.7486004048566176,0,0,1
68,8,1,1,0.8198809306930515,1,0,1
78,8,0,1,0.5769688057298501,1,1,1
76,5,1,0,0.5391878598786481,1,0,0
87,3,1,0,0.7318009319690542,1,1,1
54,2,0,0,0.6276402515287622,0,0,0
62,2,1,1,1.0,0,0,0
90,8,0,1,0.8175259972752797,0,0,0
73,2,0,0,0.6210333497783029,1,0,0
60,4,1,0,0.7011227210689955,1,0,0
61,4,1,0,0.7739411847578579,1,0,1
63,6,0,0,0.7377594678931949,1,1,0
72,7,0,1,0.7989142859281677,0,0,1
61,5,0,0,0.7623578180032154,1,1,1
75,7,0,1,0.4996817852753856,1,1,1
68,5,1,0,0.3628371778492961,1,1,1
75,4,0,0,0.6827503719194417,1,1,1
56,2,1,1,0.8508886869177044,0,0,1
75,2,1,0,0.6847735737785559,0,0,0
87,4,1,0,0.9725815404129405,1,1,0
55,1,0,1,0.7415603941261982,1,0,0
63,3,1,0,0.9942952915653561,1,1,0
78,4,0,0,0.957342619067575,0,0,0
75,4,0,0,0.939231635731404,0,0,0
77,7,0,1,0.53336790584274,1,0,1
72,8,1,1,0.7530853202351763,1,0,0
77,6,1,1,0.9700992277468166,1,0,0
74,1,1,0,0.7990220504564469,0,1,0
53,4,1,0,0.8497847828998142,1,1,0
80,6,1,0,0.5001802850791881,0,0,1
68,5,0,0,1.0,1,0,1
52,4,0,1,0.607552607538225,0,0,0
66,4,1,0,0.3910034744849646,0,1,0
67,4,1,1,0.686797367191488,1,0,0
53,5,0,1,0.309452906726208,0,1,0
90,2,1,1,0.55467747393759,0,1,0
59,5,0,0,1.0,1,0,1
63,2,1,0,0.6815926600494204,1,1,0
68,6,1,1,0.4929983097636377,0,0,1
84,7,1,1,0.7545536195819011,1,1,0
80,5,1,0,0.5883953258942445,1,0,1
81,4,1,0,0.9056134559413074,0,1,1
59,8,0,1,0.5898819397105127,0,0,0
84,6,1,1,0.7987320678243286,1,0,1
84,4,1,0,0.5435293733629574,0,1,1
69,1,1,1,1.0,1,1,0
72,1,0,0,0.8406522696049166,1,1,0
51,2,0,1,0.7238089564531559,1,0,0
81,2,1,1,0.6972675148863686,1,1,1
89,6,0,0,0.6503520030151144,1,1,1
69,5,1,1,0.6130355736346469,1,1,1
72,8,0,0,0.6080885892873865,1,0,1
70,5,1,0,1.0,1,1,0
53,8,1,1,0.650529487610177,1,0,0
75,5,0,0,0.3667045968050842,0,1,1
79,3,1,1,0.540125810241619,0,0,0
88,6,1,1,0.9169904315998447,1,0,1
88,4,1,1,0.7045816698135594,1,0,1
70,3,1,0,0.7258653119754532,1,0,0
89,4,1,0,0.9605666012554367,0,1,0
71,6,0,0,0.6101100139489855,1,0,1
76,4,0,1,0.8638351899835627,1,0,0
74,6,0,0,0.6297810330382334,0,0,0
90,8,1,1,0.85365779461542,0,1,1
80,4,1,0,0.6795956548614615,1,1,1
54,3,1,0,0.7065211485259757,0,1,1
52,4,0,1,0.8976240583520299,0,0,0
66,7,1,1,0.8846444653828499,1,1,1
71,2,1,1,0.7202229626271748,1,1,1
77,8,0,0,0.6651077394009386,0,1,1
69,4,0,1,1.0,0,0,0
71,7,0,1,0.8560795460696343,1,1,1
87,7,1,1,0.6795944744415807,1,1,1
63,7,1,1,0.6324448146078441,0,0,1
70,8,0,0,0.9344815512495851,1,0,0
72,2,0,0,0.7707720154895686,0,1,1
69,5,1,1,0.7205604608773045,1,0,0
89,1,0,0,0.7706955316012669,1,1,0
89,3,1,0,0.8108034374346584,1,1,1
71,1,0,0,0.7397959534624611,0,1,0
68,6,0,0,0.966663636031739,1,0,0
74,5,0,0,0.9766809257181577,0,0,0
57,6,1,1,0.8457398614563238,0,1,0
67,2,0,1,0.997449418289213,1,1,0
58,3,1,0,0.75152941826488,1,1,0
55,6,0,0,0.8742595809008308,0,1,0
53,7,0,0,0.9308021373969495,1,0,0
74,8,0,1,0.9334268904029898,1,0,1
50,1,0,0,0.9148798465929019,0,0,0
76,4,0,0,0.8636140549347032,0,0,0
67,1,1,1,1.0,0,0,0
65,7,0,1,0.6528547586522115,1,1,1
81,1,1,0,0.7220602582391621,1,0,0
72,7,0,1,0.7113881142029759,1,0,0
80,2,0,1,0.6837479139425143,0,1,1
79,1,1,0,0.3920210321853115,0,1,0
51,8,1,1,0.9974756650274845,1,1,1
58,4,0,0,0.5653127173716701,0,0,0
73,4,0,1,0.7805666835742975,1,0,0
89,6,1,0,0.4940649880185204,0,1,1
56,3,0,0,0.8617288315295529,1,1,1
54,6,0,1,0.6086287135307644,0,0,1
88,4,1,1,0.5455268536603697,0,1,1
89,3,1,0,0.7849818236067071,0,1,0
56,4,0,0,0.6238677755131268,0,0,0
66,1,0,1,0.6466513627044529,1,0,0
75,3,0,1,0.7809221307359318,1,0,1
58,5,0,1,0.8939981016541951,1,1,1
63,2,1,1,0.6026879121830919,0,1,0
66,1,1,0,0.57158535468153,1,0,0
76,6,0,0,0.7542270600028095,1,1,0
62,4,0,1,0.8470654644464548,0,1,0
66,2,0,1,1.0,0,0,0
61,6,0,0,0.5571606723071337,0,1,0
81,7,1,1,0.6927659217713314,0,0,0
56,1,0,0,0.9616414845135458,1,0,0
59,2,1,0,1.0,0,0,0
60,3,1,0,0.5712436201244242,0,1,0
87,6,1,0,0.6170138544348029,0,1,0
88,1,0,0,0.8185980170297747,0,0,0
70,7,1,1,0.6460062344052443,1,1,1
56,3,1,0,0.6133382841882086,0,0,0
80,2,0,1,0.7940047091464033,1,0,0
70,7,0,1,1.0,1,1,0
84,1,0,1,0.5142931868821106,1,1,0
64,2,1,0,1.0,0,0,0
90,8,1,0,0.6465415406550802,1,0,1
83,5,0,0,0.8122425458264757,0,0,0
59,4,0,1,1.0,0,1,0
79,6,0,0,0.8085582466143801,0,1,0
61,6,0,1,0.6964516113241461,0,1,0
64,5,1,1,0.879271612085053,0,1,1
60,1,1,1,0.7188300835801608,1,0,0
77,5,0,0,0.8438431889270306,1,1,0
60,3,1,0,0.7131574202919925,0,0,0
76,7,1,1,0.9050075214580269,0,1,1
73,5,1,0,0.49903829534096106,0,0,0
80,1,1,0,0.5675661076631383,0,1,0
90,8,0,1,0.4963928835237697,0,1,0
50,3,1,1,0.7398427027446589,1,1,1
90,3,0,0,0.47468312061424134,1,1,1
54,8,1,0,0.6254703164879726,1,0,0
71,7,0,0,0.5506484511776146,0,0,1
63,7,0,0,1.0,1,0,0
76,6,1,1,0.571677536608349,0,1,1
79,8,1,1,0.5184217734737984,1,0,1
85,1,0,0,0.7947009360778385,1,1,1
66,5,0,0,1.0,0,1,0
88,3,0,0,0.7291079257357767,1,0,0
63,4,1,0,0.7430305248341285,0,1,0
58,2,0,0,0.9823363429941256,0,0,0
65,2,1,0,0.9080812808789602,1,0,0
71,4,1,1,0.8265746972301407,1,1,1
77,8,1,1,0.6451786688879652,1,0,1
84,6,1,1,0.8320724231315904,0,0,1
59,3,1,1,0.5050588628365164,0,1,1
62,4,0,0,0.6377384011093323,0,1,0
88,5,1,1,1.0,1,0,1
68,2,0,0,0.9843586832534019,0,1,0
59,5,1,1,0.8287472458803676,1,1,1
90,6,0,1,0.40271633015220154,0,0,1
68,2,1,1,0.532520124963033,0,0,0
90,5,0,0,0.6276949628494677,0,0,0
87,6,0,1,0.7190941743590309,0,1,1
87,5,1,1,0.5249259929089267,1,0,1
73,3,1,0,0.7056635297551983,0,0,1
82,5,0,1,1.0,0,0,0
89,7,0,0,0.8221504578345611,1,1,1
61,2,1,0,0.7893887932129866,1,0,0
51,5,0,1,0.5668400245766722,1,1,1
63,6,1,0,0.45498273839174874,0,1,1
76,3,0,0,0.5289246434022531,1,1,1
72,4,1,0,0.4477099533526182,0,1,1
53,8,1,0,0.7635063472034717,1,0,1
72,3,1,1,0.8190994447933246,1,1,1
57,5,0,1,0.5762478084925176,1,0,0
70,2,0,0,0.7766254811836465,1,0,0
73,8,0,0,1.0,1,1,1
76,5,0,1,1.0,0,0,0
66,7,0,1,0.8886738631348593,1,0,0
66,5,0,1,0.7185287092874982,0,1,1
77,3,1,1,0.882858763897726,1,1,0
80,3,1,1,0.9933257970620331,1,0,0
83,6,0,0,0.3886989351976994,0,1,1
63,7,0,1,1.0,0,0,0
67,2,1,1,0.6519743722932487,1,1,1
63,7,0,0,0.6537066681112518,1,1,1
71,7,1,0,0.6861129649345348,0,0,0
55,1,0,1,0.8076151449796359,1,1,0
67,1,0,1,0.549974234334222,1,1,1
57,6,0,1,0.6987334737556288,0,1,0
71,7,0,0,0.8445498971696204,0,0,0
84,4,1,0,0.7893428248693187,1,0,1
90,6,0,1,0.8185466125850644,0,0,0
68,8,1,0,0.6916856317713788,0,1,1
52,3,0,1,0.8748677914432784,1,1,0
59,2,1,0,0.940154901960514,1,0,0
54,8,0,0,0.929359076189288,1,0,0
81,3,1,0,0.8269698419117645,1,0,0
90,4,0,1,0.9190006695702622,0,1,1
72,4,0,1,0.9067909051406515,1,0,0
57,5,1,0,1.0,1,1,1
50,3,0,0,0.9692520726087674,1,1,0
90,6,1,0,0.7340260554056494,1,0,1
62,6,0,1,0.5858977282775635,1,0,1
54,2,1,1,0.7029947541433601,0,0,1
57,4,1,1,0.6902787259920037,0,1,1
60,1,0,0,0.8420560621906562,1,0,0
76,2,1,0,0.6239538758659261,0,1,0
86,8,0,0,0.9645918908736727,1,1,0
61,5,0,1,0.4998786589388468,0,1,0
78,5,1,0,0.4561454754630451,1,0,1
52,8,1,0,0.7256791185734371,0,0,1
50,6,1,1,0.598339371144808,1,0,0
52,7,0,0,0.5235179062828266,1,1,0
87,6,0,1,0.6353274080991284,0,0,1
73,4,0,0,0.6129325507657939,0,0,0
83,6,1,1,0.7518241796221594,1,0,1
50,3,1,0,0.6383152581034329,1,0,1
50,8,1,1,0.6529558155149869,1,0,1
84,2,1,0,0.7491241707201672,0,0,1
54,8,0,0,0.9325634827323763,0,0,0
56,8,1,0,1.0,0,1,1
71,2,1,1,0.7765981612471317,1,1,1
74,6,1,0,0.7905977613786936,0,1,1
59,8,0,0,0.7170263368867487,0,0,0
68,5,0,0,0.8366247516106341,1,1,0
77,3,0,1,0.820239484905145,1,0,0
68,8,1,1,0.9886525829559142,0,0,0
65,5,1,1,0.4100331667520228,0,1,1
52,1,1,0,0.7077904061318026,0,0,0
68,2,0,1,0.8110541764429758,1,1,0
82,6,1,1,0.7452688876424199,0,0,0
75,4,0,1,0.5809488542226998,1,0,1
86,2,0,1,0.5161139977367141,1,1,1
55,7,1,0,0.8951380366851951,0,0,1
50,1,1,1,0.6137533469286454,0,1,0
72,2,0,0,0.43411791152899165,1,0,0
57,4,0,1,0.9041831148017817,1,1,1
74,1,1,0,0.8326169220802918,1,0,0
87,4,0,1,0.7291426624575177,0,0,1
63,8,0,1,0.5853807133030149,1,0,1
72,8,1,1,0.7295805401933111,0,0,0
77,7,1,1,0.968805768093457,0,1,1
56,3,1,1,0.45935412851481605,1,1,1
86,1,1,0,0.4684840289868731,1,1,0
58,7,1,1,0.6370022418757662,1,0,1
83,3,1,1,0.745204136377223,0,1,1
77,6,1,0,0.6606674583809196,1,0,1
55,1,1,1,0.8657069835300635,0,0,0
79,6,0,1,0.9459901100007024,0,0,1
58,5,1,1,0.8001783794293442,0,1,0
74,8,1,1,0.8508778218760987,1,0,1
89,1,0,0,0.798977919364261,0,1,0
89,4,0,0,0.7517114563647572,1,0,0
85,8,1,0,0.517159434033355,1,0,1
70,4,1,1,0.564961492631527,1,1,1
72,6,1,1,0.5068346741450531,1,1,1
62,2,0,1,0.7232691369070049,0,1,1
87,6,1,0,0.791810045625787,0,1,1
69,3,1,1,0.48913277073935224,0,1,1
81,5,1,0,0.7630671084783613,1,0,1
64,8,1,0,0.5924610609131624,0,0,1
80,6,0,1,0.5575441181633654,0,1,1
59,4,1,0,0.6374371050190724,1,1,0
80,2,0,1,0.5483142302978916,0,1,1
51,3,0,0,0.8591986412326715,1,0,0
54,7,0,0,0.719759204751193,0,1,1
64,2,0,1,0.8967385302577658,0,0,0
69,6,1,1,0.6701706566208715,0,1,0
79,4,0,1,0.6769765088609366,0,0,1
64,3,0,0,1.0,0,0,0
50,6,0,1,0.45784911509753895,0,0,1
63,3,0,1,0.9812066238155459,0,1,0
68,3,1,0,1.0,0,1,0
72,5,1,0,0.8878471493270699,0,1,0
76,7,0,0,0.6905153155132157,1,1,0
60,7,0,1,1.0,1,1,1
75,6,1,1,0.6920829552198002,0,0,0
75,6,1,1,0.6229585945720701,1,0,1
81,7,0,1,0.6801116980455005,0,1,1
71,3,1,0,0.6473651269586632,0,1,1
83,3,0,1,0.5796078375144753,0,0,0
59,4,0,1,0.9498014101396136,0,1,0
79,6,1,0,0.6107792965280789,0,0,0
51,6,0,1,0.7446635419941529,1,0,0
54,2,0,0,0.49012105990821525,1,1,0
85,7,0,1,0.7555459227148545,0,0,0
69,3,0,1,0.5419333120399069,0,1,1
75,8,1,1,0.537512551873458,1,0,1
74,6,0,1,0.7303281761827051,1,1,1
78,8,0,1,0.9402550077325683,0,0,0
60,6,0,0,0.8292744637931633,1,0,0
57,5,0,0,0.8416416695038966,0,1,1
51,2,1,1,0.7266149076037787,1,1,0
85,4,1,0,0.6895847522729068,1,1,1
59,7,0,1,0.8924053149289624,0,0,0
73,4,1,0,0.6486281107822556,1,0,0
68,1,0,1,0.9001981478005853,1,0,0
56,2,0,1,0.9724704490081307,1,1,0
66,5,1,0,0.5985503790643601,1,0,0
53,6,0,1,0.6249998107860226,1,1,0
57,8,1,0,0.6517748088453712,0,0,1
55,8,1,0,0.48594672736438566,1,1,1
83,5,1,1,0.6655075083059057,1,0,0
73,5,0,0,0.984260952699511,1,0,0
87,7,0,1,0.5617964023796375,0,0,0
67,1,1,1,0.9885352995577107,1,0,0
58,5,1,1,0.6719799975684461,0,1,1
74,4,0,1,1.0,1,1,0
88,7,0,1,0.6272736482432231,0,0,1
71,7,1,0,0.7240832490320113,0,0,1
50,6,0,0,0.586167048265368,1,0,1
62,6,0,0,0.6262138607545513,0,0,1
87,6,1,0,0.9908722500345104,0,1,0
71,5,1,0,0.8354166033250163,0,1,0
89,2,1,0,0.9351872002519409,0,1,0
70,3,1,1,0.5131939258217941,0,1,1
50,6,1,1,0.8678691215684247,0,0,0
85,5,0,1,0.5751402029903152,1,0,0
81,2,1,0,0.5092826676540865,0,0,0
79,8,0,1,0.7929779049936401,0,1,1
89,8,0,1,0.7911369000140545,0,0,0
58,6,1,0,0.759602241533847,1,0,0
87,2,1,1,0.8791605142729798,1,1,1
59,8,1,1,0.9072419371740619,0,0,0
89,2,1,1,1.0,0,0,0
57,4,0,0,0.5357382603049496,0,1,0
72,7,0,1,1.0,1,0,0
82,5,0,1,1.0,0,0,0
53,2,0,1,0.6840785970386338,1,1,0
52,1,0,0,0.44967149704682824,1,0,0
84,3,0,0,0.5009701956475587,1,1,1
52,6,0,0,0.6668667514319319,1,1,0
75,6,1,1,1.0,1,0,1
88,2,1,0,0.7530744000365722,0,1,0
75,2,0,0,0.6389068589846737,0,0,1
69,6,0,1,0.6266275934956865,0,1,1
67,2,0,0,0.5119099814989576,1,0,0
76,1,0,1,0.9074236853424702,0,1,0
73,4,1,1,0.7334276259505648,0,0,1
70,5,1,0,1.0,1,1,0
56,2,1,1,0.863077691356761,0,0,0
77,2,0,1,0.8993885368903086,0,1,0
80,2,0,1,0.7064211304663179,0,1,1
79,3,0,1,0.5536145391287721,1,1,1
53,1,1,0,0.5927554235407475,1,1,0
78,1,1,1,0.5035355500999653,1,1,1
79,3,1,1,0.9138710495672564,1,1,0
57,1,1,1,0.6807152662957404,0,0,0
84,3,1,1,0.9214500971265719,0,1,0
71,5,1,1,0.7744645924153615,1,1,1
69,1,0,1,0.6972926959613197,1,1,0
79,5,0,0,0.5394714897056611,0,0,1
70,5,0,0,0.804293891933282,0,0,0
72,5,0,0,0.710646057039577,0,0,1
62,6,1,1,0.9123931070319758,0,1,0
88,7,0,0,0.6212260783423923,1,0,1
89,1,0,1,0.8608993992294665,0,0,0
55,2,0,1,1.0,1,0,0
80,3,1,1,0.7990600646387496,1,0,0
50,6,1,1,0.8913524614935386,1,1,1
65,7,0,0,0.8529402443119642,0,0,0
89,8,0,0,1.0,1,0,1
57,5,1,1,0.8168808759048892,0,1,0
65,4,1,0,0.8759925933123918,1,1,1
59,4,1,0,0.7434703148671278,0,1,0
79,1,1,1,0.6106100635771033,1,0,1
69,4,1,0,0.5325283765773896,1,0,1
74,5,1,1,0.9780463318146015,0,1,0
88,2,1,0,0.5684953131583428,1,0,0
71,7,0,0,0.8842556099610178,1,1,0
80,7,1,1,0.8248829934690771,0,1,1
54,3,0,1,0.9152013620812317,1,0,0
58,8,0,1,0.6573518359350207,1,0,1
88,1,1,0,0.6076686153930221,0,0,0
85,8,0,0,0.8181069308579564,1,0,0
76,7,0,1,0.6973784988226476,1,0,1
65,2,1,0,0.5284148994108699,0,1,0
58,6,0,0,1.0,1,1,0
84,3,1,0,0.6075465301267419,0,1,0
82,7,0,1,0.5711461118426974,1,1,1
59,2,1,0,0.706415561727712,1,0,0
74,2,1,0,0.9755145424484245,0,1,0
75,3,1,1,0.35998769223774907,0,0,0
69,2,1,1,0.9605790506235808,0,1,1
87,3,0,0,0.5859347697378654,0,1,0
55,5,1,0,0.7976145432194858,0,1,0
60,6,1,0,0.6283187468897159,1,0,1
53,5,1,0,1.0,1,0,0
78,2,1,1,0.7724316155956232,1,1,1
76,2,1,0,0.6225435209385775,1,1,1
90,8,1,0,0.6958035620692157,1,1,1
72,3,0,0,0.7661346734823037,0,0,0
56,1,1,1,0.7819817893971961,1,1,1
68,4,0,1,0.8289772470338377,1,1,1
53,1,1,1,0.7497471706171833,0,0,1
77,3,1,1,0.5021107650104312,0,1,1
77,7,1,1,0.688751819237701,1,0,0
85,3,0,1,0.8591985074713545,0,1,0
63,6,0,1,0.6294210948517799,0,0,0
62,4,0,1,0.871100630345708,0,0,0
52,3,1,0,0.7557092639324059,1,0,0
67,6,1,0,0.7108067717820319,0,1,0
69,5,0,1,0.9649459006571266,0,0,0
80,3,0,0,0.43713634001082935,0,0,0
80,2,0,1,0.6284422383123631,0,0,0
55,8,0,1,0.9718371677421797,0,1,0
61,2,0,0,1.0,0,0,0
70,8,0,0,1.0,0,0,0
63,4,0,1,0.7590639954608946,1,1,0
51,8,0,0,0.8324215283307977,0,0,0
84,3,0,1,0.89713700890242,1,0,0
79,5,1,0,0.9795135489884912,0,1,0
71,5,1,1,0.806356548241457,1,0,1
63,3,1,0,0.916706806220292,0,0,0
84,2,1,1,0.832759284080014,0,0,0
51,5,0,1,0.8440003095435078,0,0,0
68,6,1,0,0.5846935373579856,0,1,1
82,3,1,1,0.6907415305122797,1,1,1
89,7,0,1,0.6559015443459925,1,0,0
60,6,0,0,0.5359988183558662,0,1,1
76,2,0,1,0.45271105964203523,0,1,1
57,8,1,1,0.6737470502534133,1,0,1
54,1,1,1,0.7025011812414733,1,0,0
64,6,0,0,0.7689066736850115,1,1,0
86,4,1,0,0.8500328113512253,1,1,0
78,6,0,0,0.783862003849048,0,0,0
70,7,1,1,0.7037559880444962,1,1,1
61,6,0,1,0.5852772631601625,0,1,0
55,6,1,1,0.9078724375502192,0,1,1
61,7,0,1,0.7316720008879077,1,0,1
56,6,1,0,0.6719178368987563,1,1,0
57,7,0,0,0.7164382291656115,1,0,1
78,4,1,1,0.6181060174761526,1,1,0
55,2,0,1,0.6544786937860009,1,0,0
51,2,1,1,0.6487575036077662,1,0,0
72,5,1,1,0.6982792647599156,1,0,0
61,5,1,1,0.8680358922272562,1,0,1
68,1,0,1,0.8232801723373094,0,0,1
55,2,1,1,1.0,0,1,0
58,8,0,1,0.9681112365801616,0,0,0
68,6,0,0,1.0,1,1,0
78,7,0,1,0.8506485263407493,0,0,0
66,2,0,1,0.8477589400272355,0,1,0
72,1,1,0,0.6622651600253155,1,0,0
71,3,0,1,0.8986826815491897,1,0,1
61,7,1,1,0.6318989525922439,1,0,1
61,5,1,1,0.4853180056113159,1,0,0
67,7,0,1,1.0,1,0,1
51,4,1,0,0.5251473129661192,1,1,1
78,4,0,0,0.8289933221272078,0,1,1
75,5,0,0,0.5915403528899947,0,1,0
62,8,1,1,0.9528001721025301,0,0,1
65,4,1,1,0.9773309974387252,1,0,1
63,5,1,1,0.8452520053361735,1,0,1
76,8,0,0,0.9743456477057159,0,0,0
81,3,1,0,0.7513206736496021,1,1,1
54,7,0,1,1.0,0,1,0
66,5,0,1,0.8843097420287234,1,1,1
50,8,1,1,0.5879007192677352,1,1,1
68,4,0,1,0.762529207573945,0,0,0
60,6,0,1,0.7225496352812878,0,1,0
63,3,0,1,0.7049236694812211,0,1,0
68,6,0,0,0.45171493897814274,0,0,0
63,3,1,1,0.8196356179998228,1,1,0
66,5,0,1,0.5005644637907005,1,0,0
81,7,1,1,0.295426689505971,1,0,1
83,4,0,0,0.6880775445978052,1,0,0
50,4,1,1,0.6139391423893972,0,1,0
65,3,1,1,0.5949233377256005,1,0,0
84,6,0,0,0.19144272893420622,0,1,0
71,5,1,0,0.5968482823284513,1,0,0
58,5,1,0,0.7187444642689136,0,0,0
74,1,1,1,0.6358522907827031,1,0,1
55,1,0,0,0.8197218617255997,1,1,0
50,1,1,0,1.0,0,0,0
75,7,1,0,0.8429461392459315,0,0,1
71,7,0,0,0.9347509729383574,0,0,0
81,1,0,1,0.9496428041367206,0,1,1
64,1,1,1,0.5666050619279918,1,1,1
85,7,1,1,0.8290406446835151,1,1,1
67,5,0,1,0.9291283236057839,1,0,0
80,3,0,0,0.6715271139512737,0,1,0
54,5,0,1,0.6076872029945476,0,0,1
53,2,1,0,0.8454731626589598,0,1,0
82,2,1,1,0.4833068030782178,0,1,0
84,3,1,0,0.5541591750480672,0,0,0
88,8,0,1,0.629983857434982,1,0,1
63,7,0,0,0.8310925583635275,0,1,1
50,2,0,0,0.7894042538800196,1,1,0
90,5,1,0,0.9358267583193838,1,1,0
74,8,0,1,0.5840633902145846,1,1,1
60,8,0,0,0.5744148651718485,1,0,1
81,7,1,1,0.8443041543749396,1,1,0
87,2,1,0,0.6062399572607335,0,0,0
61,2,0,1,0.6413692952110043,1,0,1
81,2,0,0,0.4157823289346852,0,0,0
82,2,0,0,0.8023522802544457,1,1,0
70,2,1,0,1.0,1,0,0
75,3,1,1,0.5647279950659316,0,1,0
61,5,1,0,0.9339066501096205,1,1,1
88,4,0,0,0.7393082554218088,1,1,0
90,4,0,1,0.4322253650861944,1,0,1
90,2,1,1,0.5889491659869369,1,0,1
80,2,1,1,0.577835880095321,0,0,0
51,8,0,1,0.6930249986746873,1,1,0
65,5,1,1,0.8255125719204067,1,1,1
68,2,1,1,1.0,0,1,0
89,7,0,1,0.49239375691467246,1,0,1
72,7,1,0,0.6627400685544022,1,0,1
71,8,0,0,0.588723446476072,0,0,1
56,2,1,0,0.5217636969319265,1,0,1
82,6,0,1,0.7671805835897217,0,0,0
63,8,1,0,0.7502663984136325,0,1,1
53,7,1,1,0.4235155775250836,1,0,1
90,2,0,0,0.7532670950301837,1,0,0
57,8,0,0,0.533028721275995,1,0,1
50,4,1,0,0.7521289894442956,1,1,1
53,4,1,0,0.9785093687770963,0,0,0
68,5,1,1,0.833352232993669,1,1,1
54,7,1,0,0.7819530769932762,1,1,0
84,1,1,0,0.6548221636673903,1,0,1
71,5,1,0,0.7620361771520594,1,1,1
63,7,1,0,0.8513857600045468,0,0,0
50,5,0,1,0.8335499417055138,1,1,0
69,3,1,1,0.732140622513562,1,1,1
56,1,0,0,0.7891277383090048,1,0,0
90,5,1,0,0.5130188723924256,0,0,0
61,6,0,0,0.6178193805400072,0,0,0
69,5,0,0,0.8773607554582774,1,1,0
50,8,1,1,0.9015659312473574,1,1,1
55,5,1,1,0.7668477463510852,1,0,0
58,5,1,0,1.0,1,0,0
52,1,1,0,0.841443494963046,1,0,0
79,5,0,0,0.7080370467846484,0,1,0
88,2,1,0,0.5304445044526996,1,0,0
90,6,0,0,1.0,0,1,1
60,2,0,1,0.8886571422878239,1,0,0
82,8,0,0,1.0,0,1,0
70,3,1,0,1.0,0,1,1
51,4,1,1,0.5183507447791031,0,1,1
53,2,1,0,0.5188199260571067,0,0,1
72,2,0,0,0.23462401573756786,1,0,0
67,8,1,0,0.9153051846653562,0,0,0
50,3,0,0,0.8681668837477678,1,1,0
88,5,0,0,0.7676002200226524,1,1,0
79,8,0,0,0.5292960184121878,1,1,1
70,5,0,1,0.7339739359575411,1,1,0
90,1,0,1,0.783246989101387,0,0,0
89,3,0,0,0.8908906200382505,1,0,0
89,4,1,0,0.7991376446037515,0,1,0
60,3,0,0,0.8694842330984099,0,1,0
86,2,0,1,0.7276564434154713,1,0,0
70,5,1,0,0.9626667409065454,1,0,0
79,4,0,1,0.8637114139398195,1,0,0
85,3,0,1,0.5363520472738517,0,1,1
56,4,0,0,1.0,0,0,0
68,3,1,0,0.9706028740887246,1,1,0
55,2,1,0,0.8337854526695295,1,1,0
61,4,0,1,0.8005291868977437,1,1,1
66,8,0,0,1.0,0,0,1
85,5,0,0,0.45600368407102665,1,1,1
85,5,1,1,0.9734204143307371,1,0,0
65,8,1,1,0.6642827942566168,1,1,1
63,5,0,0,0.9471319403538694,1,1,0
71,2,0,0,0.7716676524904277,0,0,0
87,4,1,1,0.5262733157865171,1,0,1
90,4,0,0,0.6606264341935756,0,1,0
59,4,1,1,0.9339112331698738,1,0,1
57,2,0,1,0.7121625813624228,1,1,0
78,1,1,0,0.6381326253507411,0,0,0
62,3,1,0,0.6369290295968963,1,0,1
58,8,1,1,0.8656045360020823,1,1,1
51,6,1,1,1.0,0,1,0
66,7,1,0,0.3646409932854693,0,0,1
66,2,0,1,1.0,0,1,1
73,4,1,1,0.7866743212157037,0,0,0
58,5,1,1,0.8544403443537889,1,1,1
79,4,0,1,0.6714728855134668,1,0,1
77,4,0,0,0.7493672775257711,0,0,0
68,3,1,1,0.7846523421835994,1,1,0
57,1,1,1,0.5611627213793337,0,1,1
70,7,1,0,0.6049773411136448,1,0,0
77,8,0,0,0.9632221573604256,0,0,0
65,1,1,1,0.47057756783534016,1,1,0
60,4,1,1,0.8293870385964373,1,1,0
70,5,1,0,0.6833069563135468,0,1,1
64,7,1,1,0.5770727130943965,0,0,1
66,8,0,1,1.0,0,1,1
64,4,0,1,0.5781895389729412,0,1,1
62,6,1,1,0.5465816400477952,1,1,1
79,8,0,1,0.7163449133663035,0,0,1
68,7,0,0,0.6116594458616218,0,1,1
69,3,0,1,0.7511485182590187,0,1,1
76,7,0,1,0.7779718733972503,1,0,1
64,4,0,1,0.7922384518142868,1,0,0
54,1,1,1,0.7276996474961586,0,0,0
84,7,0,0,0.6236108934433995,0,1,1
52,7,0,1,0.8658125476822794,0,0,0
73,3,0,1,0.729895302029254,0,1,0
60,4,1,1,0.6607888838301039,0,1,0
58,3,1,0,1.0,1,0,0
51,1,0,0,0.7281638471295389,0,0,0
86,8,0,0,0.9465575882693864,1,1,0
67,1,0,1,0.9708309204796903,0,0,0
64,5,1,1,0.9817811103766427,0,1,1
80,1,0,0,0.8744084054599981,0,0,0
51,6,0,0,0.7498859705623624,0,0,0
73,8,1,1,0.7384724956828154,0,1,1
70,6,1,1,0.706058378673008,1,0,1
72,5,0,1,0.3599587793976374,1,1,1
55,7,0,0,0.8793852250346152,1,0,0
89,8,0,1,0.7940038019493142,0,1,1
59,7,1,0,0.898594367917553,1,0,1
77,2,1,1,0.7289397207350465,1,0,0
80,5,0,1,0.8696685291516346,0,1,0
64,7,1,1,0.50204872868494,0,0,0
55,3,0,0,0.5395321903329173,1,1,0
62,6,0,1,0.3042819120501513,0,1,1
83,1,1,1,0.7258171447503073,0,0,0
87,8,0,1,0.6109453941998519,1,1,1
88,5,1,1,0.5873912624693244,0,1,1
59,6,0,1,0.8102374280337554,0,1,0
74,7,1,1,0.6734087050444268,1,0,1
56,2,0,0,0.49204361877534075,1,1,1
79,4,0,0,1.0,1,1,0
67,7,1,0,0.7433380883121463,0,1,1
79,2,0,1,0.5550306504715747,0,1,1
78,7,1,0,0.629429617032051,0,0,1
90,3,1,0,0.7188342655783433,0,1,1
70,5,0,1,0.7184557267937038,0,1,0
64,5,1,0,0.9843895691482577,1,1,1
71,6,0,0,0.7357026076262027,0,0,1
56,7,1,0,1.0,0,0,0
54,3,1,0,0.672163870077821,0,0,0
71,2,0,0,0.8267584872467806,0,1,0
83,4,1,1,0.9339564349790095,0,0,1
71,5,0,1,0.965127414848102,0,1,1
82,7,1,1,0.9861369991371863,1,0,1
57,7,1,0,0.7010378866415757,0,1,0
68,3,0,1,0.7490119331505145,0,0,0
75,8,1,0,0.3037039380185384,1,0,1
64,1,1,0,0.7147181930518991,0,0,0
50,1,0,1,0.9464257520273966,0,1,0
53,1,1,0,0.9114305663740588,0,1,0
88,8,1,0,0.7344323182181853,1,0,1
74,2,0,0,1.0,1,1,0
60,5,1,0,0.6808790488179347,1,1,1
60,7,1,1,0.6210948316764181,1,0,1
51,7,0,0,0.6657308876592536,0,1,0
88,8,0,0,0.5479562955294992,0,0,0
54,1,0,0,0.8620311057066365,1,0,0
81,4,0,1,0.8019267260895496,1,0,0
59,5,1,1,0.8597963003471493,0,0,0
63,6,0,1,0.675413192652382,1,0,1
61,5,0,1,0.7395468637189344,1,0,0
83,5,1,0,0.3578846297863966,1,0,1
51,3,1,1,0.8177205992359885,1,0,0
64,1,1,0,0.7677914619107369,1,1,1
61,4,1,1,0.5519050209311763,1,0,1
61,3,1,1,0.7311616442244124,1,1,0
57,5,0,0,0.7035871256273699,0,0,0
87,7,1,0,1.0,0,1,0
65,5,1,1,0.5589971457369952,1,0,1
67,5,0,0,0.8096567121960064,0,0,0
65,1,0,0,0.5536616965178951,1,1,0
90,6,0,0,0.6495827800673514,1,1,0
63,4,0,0,0.7998274116646015,0,1,0
64,1,1,0,0.7119546616446399,0,0,0
63,2,1,0,0.7489216458815598,0,0,0
63,7,0,0,0.8098899794817546,1,0,1
53,8,1,0,0.6611358771842596,0,0,1
74,5,1,1,0.9091463762667792,0,0,0
51,8,0,1,0.6950136462172312,0,1,0
59,2,1,1,0.7324400169205371,1,0,1
58,3,1,0,0.815036029425814,0,0,0
61,8,1,0,0.7908600362096703,1,0,0
81,2,1,0,0.8659610264177134,1,0,0
74,6,0,1,0.8070535922672469,0,0,1
90,2,1,0,0.8344255190801114,1,0,1
64,3,0,0,0.6914329474502745,0,0,0
88,4,1,1,0.5576212023446063,0,1,0
51,3,1,0,0.4930249975044852,0,1,1
70,7,0,1,0.4492721734243861,1,0,1
82,8,0,0,1.0,1,1,0
71,5,0,1,0.3517007860390574,1,1,1
88,5,0,1,0.9648702298158784,1,0,0
62,1,1,1,0.6022435779664548,0,0,0
51,2,0,1,0.9635593749815649,1,1,0
81,1,0,1,0.353542794975219,1,0,0
52,7,0,0,0.7076830976610091,0,1,0
81,2,1,0,1.0,1,0,0
80,3,0,0,0.8783777214256048,1,1,1
84,7,0,0,0.6892922170756575,1,1,1
69,6,0,1,0.4002640857248733,0,0,1
86,5,0,0,0.5119520660128323,0,1,0
56,1,0,0,1.0,1,0,1
67,5,0,0,0.6873165837743294,0,1,1
54,5,0,0,0.7370716613855809,1,1,0
81,3,0,1,0.8010363188464735,1,1,0
79,6,1,0,0.5154889956442399,1,0,0
83,8,0,0,0.8233122323712322,0,1,0
81,3,1,1,0.6744692134795789,1,1,1
62,3,1,0,0.8028665014035974,0,0,0
52,3,1,0,0.6459508343033339,1,0,0
88,7,1,1,0.46683910918899174,0,1,1
70,1,1,1,0.6730729442738369,1,0,1
53,8,0,0,0.8653399710794403,0,0,0
88,7,1,1,0.8209308160338664,1,1,1
90,4,0,0,0.7555675561202508,0,1,0
68,5,0,0,0.9116637335418617,1,0,0
81,8,1,0,0.7133530777420393,1,1,1
51,7,1,1,0.7601297365227392,1,1,1
53,3,0,1,0.6636419616551295,0,0,0
61,1,1,1,0.9221912358156219,1,1,0
76,6,1,0,0.8024751385899176,1,0,1
55,2,0,0,0.649747540168793,1,0,0
51,1,1,0,0.4819746456249952,1,1,1
77,8,1,0,0.9488930294816988,0,0,0
81,4,1,0,0.6160682907867648,1,0,1
80,6,1,1,0.7629715834481184,0,0,0
82,2,1,1,1.0,0,0,0
82,1,0,1,0.8942717175119956,1,0,0
74,1,1,0,1.0,0,1,0
71,3,0,0,0.6531375337425932,1,1,1
85,1,1,0,0.9427757514276373,1,0,0
64,4,0,1,0.7548004187313404,1,0,1
54,3,1,1,0.8158830457383447,1,0,0
80,5,1,0,1.0,1,0,1
61,5,0,1,0.6998437516530529,0,1,1
90,3,1,1,0.7534658016617766,1,0,0
66,4,0,0,0.5874213627285667,1,0,0
84,1,0,0,0.9099243400634538,0,1,0
51,3,0,0,0.6490871583084056,1,0,0
77,8,1,1,0.9340878748473982,0,1,1
68,8,0,0,0.4530156164859268,0,1,0
68,4,1,0,0.8487548529300493,1,0,1
60,8,1,1,0.6341352049086499,1,0,1
89,5,0,0,0.8814931750794379,1,0,1
66,2,0,0,0.7475593488862389,1,0,0
84,7,0,1,0.6536389953237076,0,1,0
67,4,0,1,0.680419268962321,1,1,1
51,5,1,1,0.5969301059894447,1,1,1
86,6,0,1,0.9008017959577546,0,0,1
57,3,0,1,0.5612452771034253,0,1,1
61,6,1,1,0.7019258450280964,0,1,1
85,5,1,1,0.8121431243464453,1,0,1
86,3,1,0,1.0,0,1,1
87,3,1,0,0.7483262518394734,0,1,1
67,6,1,1,0.7063480944230807,0,1,0
81,2,1,0,0.799254275720885,0,0,0
63,1,0,1,0.3767764411786027,0,0,0
80,8,0,0,0.5342437738756705,0,0,1
70,3,0,1,0.6824340302018789,1,0,1
52,6,1,1,0.6216655528681225,1,1,0
67,6,1,0,0.4618500079361858,1,1,1
69,7,1,0,0.9044001572101653,1,0,0
60,6,1,1,0.7967562113203179,0,0,1
65,6,0,1,0.7752477445108514,1,0,1
70,7,1,1,0.6250815927922128,1,1,1
52,8,0,1,0.7642907336394598,1,1,1
56,1,1,1,0.8426009026993907,0,1,0
81,6,0,1,0.7023187102974094,1,1,1
64,2,0,1,0.8300230030632656,0,1,0
74,8,1,0,0.6067091132714793,1,1,1
73,1,1,1,0.7675473563381484,1,0,0
72,2,1,1,0.9556496909266979,1,0,0
66,2,1,0,0.971763546643687,1,1,0
69,5,0,1,0.9889659848909392,1,0,0
83,1,1,1,0.801402314777925,0,1,0
89,1,1,0,0.7556905118743942,0,0,0
60,5,1,1,0.6692179950913054,1,0,0
77,8,0,1,0.424652743826865,1,1,1
89,5,0,1,0.5079180546479114,1,1,1
50,4,1,0,0.7197501050462534,1,0,0
82,6,0,0,0.7305080791568825,1,0,1
70,5,1,1,1.0,0,0,1
89,4,1,0,0.9866638432876127,1,1,0
73,5,1,0,0.6264324945324148,0,0,0
84,1,1,1,0.8972986287160234,0,0,0
56,2,0,0,0.664127604376696,0,1,0
55,6,0,1,0.8728709417406841,0,0,1
87,3,1,1,0.8950831910592141,0,0,0
71,1,0,0,0.9735767061865928,1,1,0
72,1,0,0,0.6613241961391145,1,0,0
56,7,1,0,0.9325746636925663,0,0,0
59,3,1,0,0.41289347349817107,0,0,1
83,1,0,1,0.9833188226769951,0,0,0
62,6,1,0,0.745496989892667,1,0,1
73,5,0,1,0.7493289603625745,0,0,0
62,4,0,1,0.3832614289757185,0,0,1
60,8,1,0,0.6800401402954714,0,1,1
56,3,0,1,0.9939862919304392,1,0,0
88,5,1,0,0.6731936594934934,0,0,1
88,6,0,0,0.8784232969755374,1,1,1
54,5,1,0,0.7562199229885397,0,1,1
64,2,1,1,0.9412804451279457,1,1,0
73,6,1,0,0.7844701737367424,1,1,1
65,6,0,1,0.5822739244023416,0,0,0
79,1,0,1,0.7601611223728097,0,1,0
60,2,1,0,1.0,1,0,0
52,6,1,1,0.8395761140465163,1,0,0
63,1,1,0,0.7290396646871403,1,0,0
74,8,1,1,1.0,0,0,1
57,1,0,0,0.9586588264610199,1,1,0
83,8,1,1,0.8970121047717228,0,1,1
50,6,1,0,0.8071216437439874,1,0,0
52,4,1,0,0.8814492902551994,1,1,1
70,3,1,0,0.8872917731729113,1,0,0
71,3,0,0,0.35709323780061525,0,1,0
62,6,0,0,0.8210885183093007,0,1,0
60,7,0,0,0.7210549453195815,0,1,0
52,2,1,0,0.6600402708354164,1,1,0
77,5,0,0,0.7148212895920372,1,1,1
65,8,0,1,0.4699472363720038,0,1,0
54,3,0,1,0.42517018199330775,0,1,0
66,6,0,0,0.9743704351407294,0,1,0
88,2,1,0,0.8331884075476067,0,0,1
60,7,1,1,0.3156578171017898,0,0,1
86,2,0,1,0.6462507825476866,1,1,1
60,3,1,1,0.9084993120113755,0,0,0
57,4,1,0,0.6995974127302864,0,0,1
60,3,1,0,0.9741008916837051,1,0,0
63,2,0,0,0.9389553238697941,1,0,0
54,6,1,0,0.5057919823240715,0,0,1
74,1,0,0,0.7242016622072103,0,0,0
63,8,1,0,0.6693439035344333,0,0,1
79,1,0,1,0.4999371070166219,0,0,0
70,3,1,1,0.4882306215260512,0,0,0
68,8,0,1,0.604916121676489,0,0,0
69,2,1,1,0.6346334262877251,1,0,0
56,1,1,1,0.8009813599038053,1,1,1
79,6,0,1,0.9379584251785956,1,0,1
54,1,1,0,0.8424560920462265,0,1,0
79,8,1,0,0.8850670032505483,1,0,0
90,4,0,1,0.7020087921353338,1,1,0
81,7,0,1,0.8585400353903202,0,1,0
68,2,1,1,0.7232925033137529,1,0,0
62,2,1,1,0.6705349710144991,0,0,1
85,8,1,0,1.0,1,0,0
60,7,1,0,0.3305143278214503,1,1,0
69,8,1,0,0.41280522648467505,0,1,1
81,3,0,0,0.8188859557440488,1,0,0
87,4,0,0,0.702303177264159,1,1,0
87,5,0,1,0.49134281696995397,1,0,1
53,4,0,0,0.5601700287905217,1,1,1
86,2,1,0,0.5836069565648793,1,1,1
54,4,1,1,0.9106205766835644,0,0,0
73,5,0,1,0.9682338775915991,0,1,0
88,1,1,0,1.0,1,0,0
76,3,0,0,0.46397798000231916,0,0,0
88,3,0,1,0.5039177641479242,0,1,1
64,1,1,1,0.49158723458990594,1,1,1
62,1,1,1,0.9819942610386017,1,0,0
63,4,1,1,0.8251004017955154,0,1,0
64,1,0,0,0.7644358589645499,1,1,0
77,3,1,0,0.7913331648925406,1,1,0
68,5,1,1,0.7397799101150262,0,0,0
80,7,0,1,0.5481944314668291,1,1,1
67,1,0,0,0.8423711021612827,0,0,0
62,4,0,1,0.7164950689823365,0,1,0
57,1,1,0,0.5339421275737273,1,1,1
72,4,0,0,0.8533713801644505,1,1,0
86,4,0,0,0.6733582254709342,1,0,0
85,7,0,0,0.7909470276314479,0,1,1
60,4,0,0,0.7275037509663556,1,0,1
69,8,1,0,0.9104481790004655,0,1,1
78,2,1,0,0.7896293353612095,0,1,1
75,1,0,1,0.590933968525775,1,1,1
52,1,0,1,0.8079605802369357,1,0,0
74,3,0,0,0.8138439704051512,0,0,0
51,2,1,1,0.8420399353269971,1,0,0
54,1,0,0,0.9364573658517443,1,1,0
76,2,1,1,0.6391230986681088,1,1,0
54,8,0,0,0.8702284200924958,1,1,0
63,7,0,0,0.4395328971886551,0,0,0
74,1,1,0,0.7284027332481049,0,0,0
76,8,0,1,0.7005612207346245,1,1,1
68,2,1,1,1.0,1,1,1
53,4,1,0,0.7218596227842327,0,0,0
82,3,0,1,0.8594379800708897,0,1,0
88,4,1,1,0.43287984788293976,1,0,1
86,7,1,1,0.6866835663560553,1,1,1
80,6,1,1,0.5976552238619557,0,0,0
66,5,0,0,1.0,0,1,0
85,6,0,1,0.6299765837181557,1,1,1
70,6,1,1,0.7631902330790614,0,0,0
55,2,1,0,0.7727836444095306,0,0,0
84,4,0,0,0.4638939076314024,0,1,1
63,1,1,1,0.6553136261022395,0,1,0
88,6,1,1,0.8228579722768659,1,1,1
65,4,1,1,0.7654300095434313,0,0,1
85,6,1,1,0.33592602503857144,0,1,1
72,5,0,0,0.6479415399891718,1,0,0
69,3,1,0,0.9337478990604406,1,1,1
62,2,0,1,0.8558801269163283,1,1,0
84,8,0,1,0.9692460033285367,0,1,1
52,3,1,0,0.5725834792638076,1,0,1
69,1,0,1,0.9805673163502304,1,0,0
65,3,1,1,0.7420069113079473,1,1,0
72,8,0,0,1.0,0,0,0
60,3,0,1,0.7505947981350792,0,1,1
77,8,0,1,0.3814544113114236,1,0,1
65,4,1,1,0.9028658228352859,0,1,1
57,7,0,0,0.6701675379645643,0,1,0
58,6,0,0,0.6822786699536729,0,1,0
78,1,0,1,0.4884426424074415,1,1,0
60,5,0,0,1.0,0,1,0
62,4,1,1,0.6562017887154875,0,0,0
75,2,0,0,1.0,1,0,0
63,5,0,1,0.6723762309132865,1,1,0
65,1,0,0,0.5830058636131299,0,1,0
60,6,0,1,0.9875152513253664,1,0,0
64,7,0,1,0.7367997451799587,1,0,0
78,1,1,1,0.7385570386760719,0,1,0
71,4,0,0,0.5193073307490383,1,0,0
90,6,0,0,0.6676277961546739,0,1,0
81,1,0,1,0.8271652482535798,1,1,0
50,4,1,0,0.5161476011234065,0,1,1
65,3,1,0,0.652964215049073,0,0,0
61,1,1,1,0.6743196412666577,0,0,0
74,7,1,0,0.7619593448485197,1,1,0
60,4,0,1,1.0,1,0,0
89,7,1,0,0.6960084360630628,1,0,1
62,5,1,1,0.6257098807657389,1,1,1
71,8,0,0,1.0,1,0,0
55,8,1,1,0.6720266363657826,0,1,1
87,5,1,0,0.7156815309895447,1,1,1
87,3,1,1,0.6855876535456141,1,1,1
82,4,0,0,0.700181561800267,0,1,1
64,7,1,0,0.7639958753428729,1,1,0
52,4,1,0,0.9157433659667894,1,1,0
79,5,0,0,0.8227177901892131,0,0,0
67,2,1,0,0.9438772014059558,1,0,0
90,8,1,1,0.937925161429338,1,1,1
78,6,0,1,0.7875393790108577,1,0,0
72,3,0,1,0.8177361546114796,0,0,0
90,5,0,1,0.9495726017283521,1,0,1
82,4,1,0,0.5499822129595532,0,0,0
68,2,1,1,1.0,1,0,0
50,7,0,0,0.6577346765050308,1,1,1
53,8,1,0,0.6868263141175843,0,0,0
68,7,1,1,0.5318578245587222,1,1,0
73,3,1,0,0.5372128545682083,0,1,0
51,3,1,0,0.9253261324001526,1,1,0
55,1,1,0,1.0,1,0,0
78,6,1,1,0.6478967800544974,1,1,1
80,3,1,1,0.8125169750629533,1,1,1
51,8,1,1,0.7896299872281893,0,0,1
70,7,0,1,0.9300440212350165,1,1,1
53,2,1,0,1.0,1,1,0
79,8,1,0,1.0,0,1,1
84,2,1,0,0.7070413294234654,0,1,1
85,4,0,0,0.8451781744277342,1,0,0
74,4,1,0,0.8630504116936007,1,0,1
75,8,0,0,0.7463836863898284,1,0,1
87,6,0,1,0.5527314959705885,0,0,0
75,8,0,0,0.6062202806586561,1,0,1
68,5,0,0,0.9566674771672588,0,1,0
80,7,1,1,0.975235439247969,0,1,1
74,7,1,0,0.7126378743289464,0,1,0
84,7,1,0,0.7969899709308158,0,1,0
71,4,1,0,0.9655074878393359,0,1,0
85,4,0,0,0.4432316030340063,1,0,1
51,8,1,1,0.6696565624490058,1,1,0
51,7,0,0,1.0,1,0,0
54,8,1,1,0.803875388916597,1,0,0
72,5,0,0,0.5467411047533819,0,1,1
79,8,1,1,0.7711108128432685,0,0,1
58,6,1,0,0.9338584066082898,1,0,1
56,6,1,0,0.29162407128085527,1,0,1
85,2,1,0,0.7817314470943967,0,0,1
80,5,1,1,0.6829653801733523,0,1,1
76,6,0,0,0.4544403372413494,0,0,0
70,7,1,1,0.7647469059234556,1,0,1
67,8,0,0,0.7254335582831194,0,0,0
50,3,0,0,0.745663754604425,0,1,0
57,3,1,1,0.6873130883559427,0,0,1
86,8,0,0,0.5661592406482547,0,1,0
63,8,0,1,0.4881354899523156,1,1,1
78,2,0,1,0.6256758107505676,0,1,0
78,4,1,0,0.9046653805336916,0,1,0
62,8,1,1,0.7919526528708142,0,1,1
58,2,0,1,0.7375488006996138,1,1,0
78,7,1,1,0.5628417331671318,1,0,1
53,1,0,0,0.682695312086242,0,0,0
70,2,0,0,0.8826883605042982,1,1,0
86,7,0,1,0.8408610772473883,0,0,1
79,5,0,1,0.6641042034409113,1,0,0
81,5,1,1,0.27994761273579566,0,1,1
53,7,0,1,0.6285274265709153,0,0,0
58,3,0,0,0.6631149868300852,0,0,0
61,5,1,0,0.5867209312135029,0,0,1
61,5,0,0,0.6756283590348531,1,0,0
57,6,1,0,0.8969790230751393,1,1,0
89,3,1,1,0.7432866384678274,1,0,1
56,6,1,0,0.9281452886228895,0,1,1
79,4,1,0,0.4784930245838272,1,1,1
74,5,0,1,0.6950884695681101,0,0,1
75,7,0,0,0.40097602004789995,1,0,1
58,4,1,1,0.6732160446293673,1,1,0
62,6,0,1,0.5617816580464188,1,1,1
74,8,0,1,0.9806255100171087,0,0,1
62,7,1,0,0.823748161051831,1,0,1
78,8,1,1,0.9326693092067424,0,1,1
51,5,0,1,0.6727173914508726,1,1,0
52,3,1,1,0.5664507425190043,1,1,0
79,8,1,1,0.5607186609830811,1,0,1
75,6,0,1,0.7977790705387544,1,1,1
51,2,0,1,1.0,0,1,0
86,3,1,1,0.8242288125636879,0,0,0
50,3,0,1,0.6825418087282351,0,0,0
89,7,0,0,0.716021246077215,1,1,1
79,1,0,1,0.7443659402846764,1,1,1
90,6,1,0,1.0,1,1,1
88,5,1,1,0.9720495418502788,1,0,1
62,1,0,0,0.7967926207470658,0,0,0
81,5,0,1,0.7697517542050991,0,1,0
58,7,1,1,0.8038836102665776,1,0,0
69,6,0,1,0.8389696204709538,1,1,0
59,5,1,1,0.6756243684643928,1,1,0
69,3,0,1,0.5980657894722055,0,1,0
85,2,1,0,0.9357996468998757,1,0,1
67,1,1,1,0.7539568915029571,1,0,0
53,3,1,0,0.9207710284466943,0,1,0
63,6,0,1,1.0,1,0,1
82,1,0,0,0.8437106521379208,1,1,0
71,8,1,0,0.8145387263226127,0,1,0
72,5,0,1,1.0,1,0,0
67,3,1,1,0.7872636230903672,1,1,1
62,8,1,1,0.5537015745876573,1,0,1
74,2,0,0,0.6993794582090422,1,0,0
75,8,0,0,1.0,1,1,1
86,3,1,0,0.5170498769495916,1,0,1
75,4,1,1,0.6145572712524635,1,1,0
90,4,1,0,0.9491568250743332,1,0,0
83,8,0,0,0.7011082843476538,0,0,0
53,3,0,1,0.7301557583442309,1,0,0
66,8,0,1,0.9432071076235133,0,1,0
65,3,0,1,0.6209721883822871,0,0,0
50,3,0,0,0.48565155872602894,0,0,0
57,6,0,0,0.5000005252447436,1,1,1
81,6,1,1,0.8547204798137319,1,0,1
64,3,0,0,0.796643776889543,0,0,0
56,2,1,1,0.6253380276097206,1,0,0
61,4,1,0,0.5414175082547159,0,1,0
61,5,0,0,0.7012968374732039,1,0,0
57,1,1,0,0.950973111525085,0,1,0
54,1,0,0,0.5995527683107339,1,1,1
81,8,1,0,0.6307168760485388,0,0,1
83,1,1,0,0.5357061178776518,1,1,1
70,4,0,1,0.6838656799616092,1,0,0
75,7,1,1,0.8108542183289844,0,1,0
87,3,0,0,1.0,1,1,1
84,4,1,1,0.7892006723075887,1,1,1
51,1,0,0,0.7403379410573365,1,0,0
89,7,0,0,0.9053285890773236,1,0,1
52,6,1,0,0.875318799329444,0,1,0
51,7,1,1,0.6460210534139971,1,1,1
66,7,0,1,1.0,1,1,1
80,3,1,1,0.7456109965870885,1,0,0
53,1,1,1,0.7925475576640432,1,0,0
62,3,0,1,0.8492427457115037,0,1,0
60,2,1,0,0.8122570261703316,0,1,0
66,5,1,0,1.0,0,1,1
90,2,0,0,0.6438164269566055,1,0,0
63,8,1,0,0.8910088047934869,0,1,0
58,5,1,1,0.7796223201692962,0,0,0
55,3,0,0,0.9268901751197143,0,0,0
58,8,1,0,0.7113026190057099,1,1,1
55,7,1,0,0.6869252358924383,1,1,1
73,4,1,1,0.8817732277366822,0,0,1
67,2,1,1,0.8144387862761965,0,0,0
70,3,0,1,0.6023470255814517,1,0,1
84,5,0,1,0.9922102115545665,1,0,0
73,7,0,1,0.8818516875195228,1,0,0
56,3,0,1,0.7366432457107104,1,1,1
65,6,1,1,0.6657183998883991,1,0,1
62,3,1,1,0.8155435614372454,1,0,0
83,2,0,0,0.868887340324821,0,0,0
62,4,1,1,0.4630664866852507,1,1,1
55,2,1,0,0.8176225660541098,0,1,0
80,4,0,0,0.8674598464344362,1,1,0
67,3,0,0,0.32655925200580116,1,0,0
53,3,0,1,0.7853141385741522,0,1,0
78,7,1,0,0.8750296441912042,0,1,1
58,3,0,0,0.8545580965676183,0,0,0
85,6,1,0,0.8944407038605485,0,0,1
84,6,0,1,0.6910380134367153,0,1,0
65,6,0,0,0.562816841758418,1,0,0
72,3,0,1,0.42604602028222865,1,1,0
73,7,0,1,0.9466001833022504,1,1,1
76,2,0,1,0.8765517888829818,1,0,0
52,3,1,0,0.9603280075491243,1,1,0
63,7,0,0,0.6194745554080541,1,0,0
56,3,0,1,0.8946905560725654,0,1,0
78,6,0,0,0.47951742864777624,0,0,1
52,1,1,0,0.593491159432234,0,0,0
71,5,0,0,0.7726758989714106,0,0,0
79,7,1,0,0.8693773733687558,1,0,0
88,6,1,0,1.0,0,0,0
61,5,0,0,0.7067884682282871,0,1,0
50,7,1,0,0.5941650500779684,1,0,1
79,3,1,1,0.5849132019903428,0,1,1
50,4,0,1,0.6261877298956272,1,0,0
52,1,1,1,1.0,0,1,0
90,6,0,0,0.8862372446042025,1,1,0
85,6,1,1,0.9502557330652427,1,0,1
79,7,1,0,0.706982594307619,1,1,1
84,6,0,0,0.7497032371682257,0,0,0
53,2,0,1,0.8758676110725342,1,1,0
53,6,0,0,0.6589562239594309,1,0,0
62,7,0,0,0.6975645804215983,0,1,0
50,2,0,1,0.6285532230725088,0,0,0
86,4,1,0,0.6694513140437193,0,1,0
52,8,1,0,0.7588161502505981,0,0,0
72,4,0,1,0.6020921772904873,1,0,1
84,7,1,0,0.8014762162432896,1,0,1
80,5,1,1,0.801224714199201,1,0,1
59,6,1,0,0.717735244285887,1,0,0
69,6,1,0,0.6010572259985842,1,1,0
72,6,0,0,0.7688933488113351,1,1,0
81,7,1,0,0.6591171786686776,1,0,1
67,8,1,0,0.7583869500790862,1,1,0
61,3,1,1,0.9476629441326183,1,0,0
82,8,1,0,0.5244707789212741,0,1,1
86,6,0,1,1.0,1,1,1
70,5,1,1,0.7369457534782067,0,0,0
51,3,1,0,0.8241310693030657,1,0,0
70,4,0,1,0.6145049837564698,0,1,0
86,6,0,0,0.9555980789174967,1,1,0
90,3,1,0,0.7273872354988794,0,1,1
66,3,0,1,0.6790587042361488,1,0,0
56,7,0,0,0.6464072961703967,1,0,0
73,4,1,1,0.701671435357945,0,0,0
84,6,0,1,0.8253025181315236,1,1,0
88,1,1,1,0.7811059243135036,0,0,0
52,1,1,0,0.7428252480401509,0,0,0
61,7,0,1,0.6219441447690324,1,0,1
69,2,0,1,0.6115487746935043,0,1,1
54,7,0,0,0.6670426291356485,0,1,1
86,8,0,0,0.8328496281889286,1,0,1
54,4,0,0,0.8692067776386726,0,0,0
77,8,1,1,0.8934679554416434,1,1,1
87,4,1,1,0.7497359591630145,0,0,0
78,8,1,1,0.8190411493652084,0,1,0
81,2,1,0,0.7196788731210759,0,1,1
60,4,0,0,0.43638636163289374,0,0,0
83,4,0,0,0.7111331778829083,1,0,1
67,7,1,1,0.6824412074356047,0,1,1
52,1,1,0,0.5629718632027707,1,1,1
65,7,0,1,0.6478690483644952,0,1,1
64,1,0,1,0.774316454572376,1,1,0
71,3,0,1,0.5460155785766864,0,1,0
60,5,0,0,0.6220586151451544,0,0,0
68,2,0,0,1.0,1,0,0
67,4,0,1,0.4615128613415449,1,1,0
63,8,1,0,0.7170272112707211,0,0,0
78,7,0,1,0.5400643141624647,1,1,1
62,1,0,0,0.6147053763913003,1,1,0
81,5,1,0,0.7144072986687394,0,1,1
60,5,0,1,0.5722362979268216,0,1,1
85,1,0,1,0.853307510765957,0,0,0
64,6,1,0,0.9932071115590343,0,1,1
51,5,1,1,0.9015020644984917,0,0,0
56,6,1,0,0.9344303611897562,0,0,0
83,3,0,0,0.5016475777748135,0,1,0
85,3,1,1,0.7062472160725559,1,1,1
58,6,0,0,0.8341357921236178,1,0,0
74,6,1,0,0.9068143645406166,1,1,1
73,2,0,0,1.0,1,0,0
55,2,0,1,0.9424271264932101,0,1,0
68,5,0,0,0.9113679522612992,1,0,0
78,7,0,0,1.0,0,1,0
89,2,1,0,0.7673356346893133,0,0,0
84,2,0,1,0.6979694811165176,1,0,0
54,7,0,0,0.7819244226588808,0,1,0
59,6,1,0,0.5852905039763758,0,1,1
67,8,0,0,0.7621740814382052,1,0,0
56,7,0,0,0.4391666051200533,1,1,1
73,8,1,0,0.654686573417795,1,1,1
50,2,0,1,0.7292399012281935,1,0,0
54,3,1,0,0.9209343523535478,1,1,1
51,2,0,0,0.949996297989545,0,0,0
62,1,0,1,0.5765489283448053,0,1,0
81,7,0,0,1.0,1,1,1
57,6,0,0,0.7767072261191104,1,1,0
90,1,1,0,0.7932080938855386,1,0,0
61,2,0,1,0.45881517270210115,0,1,1
51,2,1,1,0.6383896697783897,1,0,1
63,4,1,1,0.938968286075846,1,0,1
80,4,0,0,0.7805601232883578,0,1,1
54,3,1,0,0.7694066507255173,0,0,0
52,8,1,0,0.7908909907035866,1,1,1
84,2,0,1,0.4902232250845113,0,1,1
74,5,1,0,0.7326104603877321,0,1,0
64,4,0,0,1.0,1,1,0
80,4,0,0,0.9456073719717888,1,0,0
84,7,0,1,0.7274641004191923,1,0,1
64,8,0,1,1.0,1,0,0
73,1,0,1,0.523362268781689,1,0,1
50,4,1,0,0.5750944203258732,0,0,1
62,1,0,1,1.0,0,1,0
74,4,0,1,0.8540351612955341,1,0,0
58,5,0,1,0.6980002784215834,0,0,0
90,4,1,1,0.7400426581136554,1,1,1
89,3,1,1,0.6048063996371069,1,1,1
60,3,1,1,0.7997866683253402,1,0,1
66,3,1,0,0.7855299203360647,0,0,0
57,3,1,1,0.7535792477752843,1,0,0
70,3,1,0,0.5412438812620027,1,1,0
55,6,1,0,0.7976560999924039,1,1,0
66,1,1,0,0.6546879421640343,1,0,0
72,1,1,1,0.5725240931119462,0,0,0
75,5,0,1,0.978013648476725,1,0,0
74,6,1,1,1.0,1,0,1
59,3,1,1,1.0,0,0,0
82,2,0,1,0.8670220974772112,1,0,1
78,5,1,1,0.7021946857657457,1,1,1
80,4,1,0,0.7373359951311682,1,0,0
69,6,1,0,0.8230084074232095,0,0,0
86,2,1,0,0.674355404556986,1,0,0
65,1,1,1,0.9873858108220313,0,0,0
83,5,1,1,0.3835690510208631,0,1,1
58,4,1,1,0.696769400282262,1,1,0
60,6,1,0,0.8941928685721177,0,1,0
71,5,0,0,0.5978712634896323,0,0,0
72,3,0,1,0.70677319958799,0,1,0
80,2,0,1,0.8568558149237764,1,1,0
62,2,1,0,1.0,1,1,1
85,7,1,0,0.5170911092100761,1,1,1
63,2,1,1,0.5037465922041252,0,0,0
71,5,1,0,0.5797145661888287,0,1,0
88,7,1,0,0.47324354690853115,0,1,1
72,8,1,0,0.48605187802593536,1,0,1
77,3,1,0,0.5749209844149539,0,0,0
87,1,0,0,0.9720288386842785,0,0,0
89,7,1,0,0.6938261727476237,1,0,1
70,6,0,0,0.7556475191081892,1,0,0
67,3,1,1,0.5780164337842478,0,0,0
58,5,1,0,0.8640366735116247,1,0,1
72,2,0,1,1.0,0,1,0
87,6,0,0,0.5902266208729041,0,0,0
69,6,0,1,1.0,0,0,0
64,3,0,0,0.8155963889702121,1,1,1
54,4,1,1,0.753035429871968,0,0,0
65,3,1,1,0.8220222898185434,0,0,0
59,1,1,1,0.8202947698140628,0,0,0
90,2,1,1,1.0,1,0,0
71,8,1,1,0.8436397317279104,0,0,0
55,4,0,1,0.8473992908053748,1,0,0
52,2,0,1,0.6741300324067421,1,0,1
84,1,0,0,0.9010338845635928,1,0,0
88,3,0,1,0.5777675447478625,0,1,1
81,8,0,1,0.769620718124327,0,1,0
55,4,0,1,1.0,0,0,0
54,8,0,1,0.2992458144636676,1,0,1
58,4,1,0,0.7919664593403812,1,1,0
80,7,1,1,0.7988921257582015,1,1,1
81,7,1,1,0.7089439723523036,0,0,1
84,1,1,1,0.7131865330078624,1,0,0
53,1,1,0,0.766453759169067,0,0,0
56,8,0,1,0.7046394104163843,0,1,1
86,8,0,0,0.7899563511877807,0,1,1
88,2,0,0,0.6622300729529582,0,0,0
79,6,1,1,1.0,0,1,1
54,8,1,0,0.7046375262064767,0,0,1
52,8,1,1,0.8525300533724489,1,0,1
52,3,1,1,0.6295735020282209,0,1,0
78,7,0,0,0.9179657454722064,1,1,1
84,6,1,0,0.8820242017232403,1,0,0
75,8,1,0,0.8254668425757906,0,1,1
60,2,1,1,0.5650796358806665,1,1,1
81,5,1,1,0.6145674526985663,1,0,1
52,1,0,1,1.0,0,1,0
83,3,0,0,0.6125747326120776,1,1,0
86,1,0,0,0.8653623906382508,1,0,1
79,4,0,0,0.5799591605673655,0,0,0
86,7,0,0,0.9315089824083185,1,0,0
74,6,1,1,0.6264484756504707,1,1,1
69,3,0,0,0.5766261802428,1,0,0
63,4,1,1,0.6217783541945577,1,0,0
87,3,1,0,0.6503155326010158,0,0,1
78,6,1,1,0.8228412038863595,1,1,1
57,3,1,1,0.762489067104801,0,0,0
89,1,1,1,0.5528719056156904,1,1,1
52,5,0,0,0.7449695375162123,1,0,0
74,7,0,0,0.5441697466876027,0,1,1
57,4,0,0,0.8658403257001763,1,1,0
77,2,1,0,0.8988425217970333,1,0,0
66,1,0,0,0.7456894790611148,1,0,1
67,8,1,1,0.7988976125386971,0,1,0
77,7,0,1,1.0,0,0,0
81,2,0,1,0.7216314613694186,1,0,0
65,1,1,0,0.5800335689908399,1,0,0
90,2,1,0,0.8542551424688022,0,0,0
70,4,1,0,0.546122322162238,1,0,1
56,7,0,0,0.7120975866108703,0,0,0
50,2,0,1,0.6421817917049669,1,1,0
58,7,0,0,0.6236724300224034,0,1,1
78,1,0,1,0.704984232783988,1,1,0
72,6,0,0,0.9119804387185348,1,1,0
63,3,1,0,0.9490203818983535,1,0,1
69,8,1,0,0.9167170553563206,1,1,0
84,4,1,0,0.8105437360431146,0,1,0
73,3,0,0,0.7036110189502219,1,0,0
52,2,0,0,0.32559150082800764,0,0,0
52,7,0,1,0.8161789787899094,0,1,1
69,4,1,1,0.33972028954340033,0,1,1
66,3,1,0,0.4037938902348577,0,1,1
84,6,0,0,0.7208998219583496,1,0,0
73,5,0,1,0.7976239040334896,0,1,0
81,6,0,0,0.6688047173107331,0,1,0
73,4,1,1,1.0,0,1,0
64,1,1,0,0.8331782983533312,0,1,0
76,1,1,1,0.7051065767768536,0,0,1
75,1,1,1,0.9995357901327232,0,1,0
79,5,0,1,1.0,1,1,1
57,5,1,1,0.8422605648254404,1,1,1
76,6,0,0,0.6104536212436507,1,1,1
61,8,0,0,0.6509513224160882,0,0,0
82,2,1,0,0.4895870316611994,0,1,1
82,8,1,1,0.7423649616359076,1,0,1
75,8,0,1,0.5609925405399843,0,0,0
88,5,1,0,0.6907665415446267,0,0,0
72,5,0,0,0.796908054549929,1,0,0
51,2,0,1,0.392932444439291,0,0,1
74,2,1,0,0.5225265716661773,1,0,1
81,1,0,1,0.6587673501296414,0,0,0
54,6,1,0,0.7405450736298289,1,1,0
54,4,1,0,0.6610996560471406,1,1,0
61,2,1,1,0.7013067723504521,1,0,0
84,2,1,1,0.6228863046973997,1,0,1
71,1,1,0,0.4891080284744473,0,1,1
90,6,0,0,0.6537448600694943,1,0,0
85,6,1,0,0.7116296655125451,0,0,1
72,6,0,1,0.6941297813508753,1,1,1
77,1,1,0,0.7701232653833615,1,0,0
63,1,1,1,0.8254010226855355,1,1,0
53,1,1,1,0.8727107208414006,1,0,0
66,7,0,1,0.6359608496079496,0,1,0
74,6,1,0,0.46635657529443875,1,0,0
57,3,0,1,0.9788873458311492,1,0,0
59,1,1,1,0.8193802648099959,0,0,1
50,3,1,0,0.578160776788691,1,0,1
80,7,1,1,0.7999869101686359,1,1,1
86,2,0,1,0.9422390519882623,0,1,1
83,7,0,0,1.0,0,1,0
65,4,0,1,0.7951098497083916,0,1,0
74,2,1,0,0.9407407147229749,1,0,0
89,8,1,0,0.5322716269833496,1,0,1
74,5,1,1,0.7435375047125983,0,0,0
62,6,1,0,0.6896977231338625,1,1,1
63,1,0,1,0.8116625733067577,1,1,0
79,3,0,0,1.0,0,1,1
68,6,0,0,0.7949800909702665,0,0,0
84,6,0,1,0.5812156669319621,0,0,1
85,1,1,0,0.5225810556209014,0,1,1
51,5,1,1,1.0,1,1,1
79,8,0,0,0.8424828142293419,0,1,0
65,7,1,0,0.8306546424555102,1,0,0
71,2,0,0,0.6881283500595293,1,1,0
60,8,0,0,0.7982151212402118,0,1,1
65,6,0,0,0.5723472168971742,1,0,1
63,1,0,0,0.8196957040266574,0,0,0
52,2,0,0,0.538523375416675,1,1,1
82,8,1,1,0.6853280798950033,0,1,1
55,2,1,0,0.634279233241307,1,1,0
65,1,0,1,0.16367382432001654,0,1,1
57,4,0,1,0.6875816472239867,1,0,0
56,5,0,1,0.5882040435966729,1,0,0
65,5,0,1,0.7121298208996589,1,0,1
87,6,1,1,0.7503101040867337,0,1,1
88,8,1,1,1.0,0,0,1
65,7,0,1,0.8048476194883516,0,0,1
70,1,0,1,0.8101402739370368,1,0,0
90,1,1,0,0.839210490339464,1,1,0
59,1,0,1,0.9069255322034027,1,1,0
88,4,1,0,0.8317703016938133,0,1,0
54,3,1,0,0.8007083443963414,1,0,0
59,8,1,1,0.8780244453413658,0,0,0
63,3,1,1,0.3132058042504013,0,0,1
51,1,0,1,1.0,1,1,0
83,8,1,0,1.0,0,0,0
85,3,1,1,0.7890844353346722,0,1,1
65,8,1,1,0.49565883892642204,0,1,1
84,7,1,0,0.96786307784873,1,1,0
81,8,1,1,0.625102230168352,1,1,1
82,7,1,1,0.8460913829834884,1,1,0
82,2,0,1,0.5190769916786161,1,1,1
73,6,0,0,1.0,1,0,0
54,4,1,0,0.49040098282044836,1,1,0
87,6,0,0,0.7624174926569702,0,0,1
74,6,1,1,0.3680063013879313,0,0,1
86,5,0,1,0.742579958604662,1,0,1
89,3,0,0,0.6734486630751104,1,1,0
57,8,1,1,0.9546930109030739,0,1,1
66,6,1,0,0.6734317023134643,0,0,0
57,8,1,1,0.9549522449123394,1,1,1
52,2,0,0,0.5656582978340392,0,0,0
89,7,0,1,0.6992469114519461,1,0,0
87,3,1,0,0.7028558223743089,1,1,1
88,4,1,0,0.8392058860139251,1,0,0
86,7,1,1,0.8163073967532701,0,1,1
76,3,1,1,0.8800005278862051,1,1,0
71,3,1,0,0.798029508592153,0,1,1
90,8,0,1,0.8690366687903608,0,1,1
72,8,0,0,0.5883844928352351,0,1,0
76,3,0,0,0.8199837600386222,1,1,1
58,3,1,1,1.0,0,0,1
80,2,0,0,0.4476013018702325,0,1,0
83,1,1,1,0.838021431894407,1,0,0
77,5,0,0,0.8718203600288612,1,1,1
70,3,0,0,1.0,1,1,0
58,7,1,1,0.8806884479922377,1,0,0
51,2,0,1,0.7680568695885676,1,1,1
75,6,1,1,0.8274131751918069,1,0,1
78,5,1,1,0.6176931897789588,1,1,1
81,5,1,1,0.6801657469756057,1,1,1
88,1,0,0,0.509573488853641,0,1,1
70,4,1,1,1.0,0,1,1
83,6,1,1,0.8310283174111522,0,0,0
79,3,0,1,0.5850997571415695,1,1,0
61,7,1,1,0.7988442532792652,1,0,0
84,5,0,0,0.9586825877989799,0,1,1
52,3,0,0,0.9287026185817892,0,0,0
74,1,0,0,0.5830250496300478,1,0,0
88,2,1,0,0.1859090131416814,1,1,1
77,4,1,0,0.8211694952813484,1,0,0
88,4,0,0,0.5903634662691181,0,1,0
52,7,0,1,0.8620189510764902,1,0,0
71,7,1,1,0.9210486699005234,1,1,0
82,2,1,1,0.9504539600094088,0,1,1
76,5,1,0,1.0,1,1,0
86,4,0,1,0.9725442452539146,0,1,1
68,1,0,0,1.0,1,1,0
77,6,0,0,0.9982308617823595,1,1,1
67,5,1,1,1.0,1,0,0
85,1,1,1,0.7426437349264009,0,0,0
54,4,1,1,0.517921242378172,1,0,0
60,6,0,0,1.0,1,0,0
53,3,1,0,0.7613315283388836,0,0,0
78,3,1,1,0.9711674515153622,1,1,1
59,1,0,0,0.65095053041564,1,1,1
63,2,0,1,0.9235060396582151,0,1,0
84,8,1,0,0.3099066014928062,1,0,1
64,5,1,0,0.6761201896198283,0,1,1
55,2,1,1,0.7322860049893881,1,1,1
50,4,0,1,0.8332695782949335,1,1,0
59,2,0,0,0.9429644417881994,1,0,0
87,4,1,0,0.5530542741065433,1,0,1
72,2,1,0,0.8687942740056367,0,1,0
90,5,0,1,0.9708000557946135,1,1,1
58,5,0,1,1.0,0,0,0
64,6,0,0,0.8771930370907561,0,1,0
56,4,1,0,0.6672889233333801,1,1,0
66,3,0,1,0.521082361720513,0,0,0
73,2,0,0,1.0,0,0,0
83,2,1,1,0.8827215484067296,0,1,1
65,4,1,1,0.7460443863155569,1,1,1
81,4,0,1,0.4584327070400727,1,1,0
75,6,0,0,0.5823868888383505,1,1,0
61,1,0,1,0.8636376519793085,1,1,0
87,3,0,1,0.8136899443426621,1,0,1
67,7,0,0,0.3996603193860383,1,0,1
56,8,1,1,0.8638702601703291,0,1,0
89,8,0,1,0.46768143932040723,0,1,1
87,3,1,0,0.9937216323484068,0,1,1
52,2,0,0,0.7875400646828923,1,1,0
87,2,1,1,0.666584139225126,1,0,1
88,2,1,1,0.9282277810399211,0,1,0
83,8,1,1,0.8136298719202413,1,1,1
60,8,1,1,0.9884869695309033,0,1,0
75,7,0,1,0.7644856104101221,1,1,1
72,6,1,1,0.7749874859530285,1,1,0
75,3,1,1,0.6986549221323763,0,1,0
75,4,0,1,0.7973340856980894,0,0,1
76,7,0,0,1.0,0,1,1
71,7,1,0,0.6595024493890121,1,0,1
78,5,0,0,0.8666319268795144,1,1,0
71,7,1,1,0.5915201550585688,1,1,1
50,3,1,1,0.37798821881787914,1,0,0
51,4,0,0,0.7873425732666197,0,1,0
89,7,1,0,0.8166729762244962,1,0,1
87,4,1,0,0.7301907715003528,1,1,0
74,7,0,0,0.48072270526099753,1,0,0
57,4,1,1,0.8047741934354918,1,0,0
82,3,0,0,0.7979364541451003,1,1,1
55,2,0,0,0.5900194864033368,1,1,0
65,5,1,0,0.5063715171348564,1,0,1
63,4,1,1,0.7045701730129259,1,0,1
50,3,0,1,0.8675272644199983,1,0,0
83,6,0,1,0.8249978517225584,0,0,0
70,1,0,1,0.591449340389866,1,1,0
62,1,0,1,0.7746465153039613,0,1,0
70,8,0,1,0.9096827529856021,1,0,1
50,6,1,1,0.5389201723319734,1,1,0
67,5,0,0,0.7613679662477749,0,0,0
71,1,0,0,0.9911353764307571,0,1,0
63,5,0,0,0.5205122120470984,1,1,1
84,4,1,1,0.9579947323889116,0,1,1
60,5,1,1,1.0,1,1,1
55,1,1,1,0.7100030054692404,1,0,0
71,5,0,0,0.6882584485770695,1,1,0
86,5,1,1,0.9359569954235207,1,0,1
65,3,1,1,0.7164965324946866,0,0,0
51,1,1,1,0.3264371938748834,0,1,0
89,8,1,1,0.7322169729558757,0,1,1
68,6,1,1,0.8346727142750213,1,0,0
57,5,1,0,0.8832150936448442,1,1,1
75,7,1,0,0.5914867503446539,1,1,1
63,6,1,0,0.7014357984949304,1,0,1
88,2,1,0,0.925843307547414,0,0,0
62,4,1,1,0.7392002481455993,0,0,1
72,8,0,0,0.47482716108703554,0,0,0
72,3,1,0,0.9727748417316676,0,0,0
59,8,0,0,0.7114600159720958,1,1,1
70,1,1,1,0.9464193798926485,1,1,1
54,3,0,0,0.49881779474402116,1,1,1
76,3,1,1,0.7282223854339647,1,0,1
81,5,1,1,0.8417524842619023,0,1,1
88,2,1,0,0.7343139249298222,0,0,0
63,2,0,1,0.5370588835822213,1,0,0
61,6,1,1,0.3203754047681674,0,1,0
72,3,1,1,1.0,1,0,0
78,8,0,0,0.7946468763422385,0,1,1
90,7,0,1,0.9600241895024049,0,0,0
51,3,1,0,0.9171604378848808,0,0,0
59,5,1,0,0.8574324287015243,0,0,0
60,3,1,1,0.6921592760735278,0,1,1
60,3,0,0,0.8381580466150431,0,1,1
69,6,0,1,1.0,1,1,0
85,3,1,1,0.7649419670892763,1,0,0
51,2,1,1,1.0,1,0,0
83,3,1,0,0.48010406043596593,0,0,1
75,8,0,1,0.46075644997275955,0,1,0
75,3,0,1,0.927853538613491,1,1,0
77,3,0,1,0.6026262714262419,0,0,1
54,6,1,0,1.0,1,1,1
80,1,1,0,0.9907214468219299,1,0,0
60,3,0,0,1.0,0,1,0
71,2,0,0,0.9091985349992251,0,0,0
77,8,1,0,0.584114947739347,1,1,1
74,8,0,0,0.45131851197566547,1,0,0
63,7,0,1,1.0,1,0,1
66,2,0,0,0.4800777229178297,0,0,0
69,5,1,1,1.0,0,0,0
51,6,1,0,0.870530656841284,1,1,0
79,7,1,1,0.7362745223123817,1,0,0
54,2,0,1,0.829568583180356,1,0,0
68,6,1,0,0.8337523683808379,1,1,1
76,2,1,0,0.7135661300543256,0,0,0
53,5,0,1,1.0,0,1,0
90,8,1,1,1.0,1,1,1
65,1,0,0,0.7780186743277694,0,1,0
50,2,1,1,0.6420010103939452,1,1,1
77,7,1,0,0.9850717279927724,1,0,0
72,1,1,1,0.38593913157501253,0,0,0
76,6,1,1,0.8299006692620381,0,0,0
80,5,1,0,0.8831235194776059,1,0,0
69,3,1,0,0.6008966697399578,0,0,0
83,7,0,1,0.9252813877387764,0,0,0
65,7,0,1,0.7452505449630072,0,1,1
72,3,1,1,0.6517739780491587,0,1,1
56,1,0,1,0.923380201139461,1,1,0
75,2,1,0,0.5545768028344051,1,1,1
60,1,1,1,0.9064548005814983,0,0,0
78,8,0,0,0.39317768151253396,0,0,1
82,5,1,1,0.8014268004116154,1,1,0
85,6,0,0,0.757891912118429,0,0,0
88,2,0,0,0.6528547619641631,1,0,0
55,7,1,1,0.8201324762200219,0,1,1
55,6,0,1,0.7356773767137982,0,0,0
87,7,0,1,0.9398452129149985,1,1,1
65,4,0,0,0.8508271779846183,0,1,0
51,6,1,0,0.8314849619173834,0,0,0
61,5,0,1,0.8025350166408368,1,0,1
84,4,0,1,0.6650100378215325,0,0,0
64,5,0,1,0.6956753610043745,0,0,0
53,3,1,0,0.79467885123976,1,0,0
79,8,0,1,0.7187952923207155,1,0,1
57,6,0,0,0.9500615094779392,1,1,0
64,6,1,1,0.7668210341178755,1,1,0
50,6,1,1,0.8176739894085236,1,1,1
74,4,1,0,0.49751689189879905,1,0,1
68,8,0,1,0.919781448970868,1,0,1
85,2,0,1,0.6453887531386182,1,0,0
63,5,0,1,0.5623223551865915,0,1,1
58,1,0,1,1.0,0,1,0
56,3,0,0,0.8755718740378665,1,0,0
58,5,1,1,0.9258772294005195,1,1,0
68,4,0,0,0.8318093129233172,1,1,0
53,8,1,1,0.733232856737332,0,1,0
66,5,1,0,0.6996712785498727,0,1,1
85,4,0,1,0.8902398333822006,1,1,0
81,4,1,0,0.9538534276028927,1,1,1
76,5,1,0,0.7377269253733477,0,0,0
86,7,0,0,1.0,1,0,0
81,3,0,0,0.7144826610520543,0,1,0
76,5,1,1,0.499078479919805,0,0,0
85,5,0,1,0.4401259066210842,0,0,1
55,1,0,1,0.4462004337817212,0,1,1
83,8,0,1,0.6755138773369509,1,0,1
62,5,0,0,0.7082367561996991,0,1,1
80,2,0,1,0.8728679347823805,0,1,0
87,6,1,0,0.7448505536543212,1,0,0
70,6,1,1,0.9018067862341532,0,1,1
53,8,1,0,0.7580807098721088,0,1,1
65,1,1,0,0.7524338567028359,1,1,0
66,4,1,0,0.6460473226784795,1,0,0
88,2,1,1,1.0,1,1,0
88,5,0,1,0.474332826615961,0,0,1
73,5,0,1,0.8042358523284987,0,1,0
88,4,0,0,0.7173029168851379,1,1,1
67,8,1,0,0.8907158275508101,1,0,1
66,5,1,1,0.7462507077919471,1,0,1
84,4,1,1,0.7515558670108617,0,1,1
77,1,0,0,0.702004867984252,0,0,0
71,3,0,1,1.0,0,0,0
68,8,0,0,0.7504330593108522,0,0,0
78,4,0,1,1.0,1,0,0
80,8,1,1,0.7990044746929564,1,1,1
70,5,0,1,0.7539167713435189,0,1,0
51,5,1,0,0.7238411472262012,0,0,0
54,4,1,1,0.8515644419433321,0,0,1
55,5,0,0,0.644089192876703,0,0,0
68,1,1,0,0.7762336318270266,1,1,0
75,1,0,1,0.7514646625394074,1,0,0
82,4,0,0,0.8085445858677341,1,1,0
59,5,1,0,0.8130054587271158,1,0,0
82,5,1,1,0.8223590784331043,1,1,1
77,4,0,0,0.7670828543111926,1,0,0
52,3,1,0,1.0,0,1,0
64,6,0,0,0.8260623869128471,1,0,1
62,5,0,1,1.0,1,0,1
86,1,0,0,0.7589732535418571,1,0,0
87,4,0,0,0.9226043926419314,1,1,0
83,6,1,1,0.6193111424925575,1,1,1
71,7,1,0,1.0,1,1,1
70,3,1,0,0.6232288913805955,0,0,0
62,8,1,1,0.8320580432320971,1,0,0
81,6,0,1,0.7024031037184573,1,0,1
53,4,1,0,0.8313614034810388,0,1,0
61,6,0,1,0.7077366773631317,1,1,1
55,7,1,0,0.6079344790941812,0,0,1
70,2,1,0,0.7011133878363988,1,0,1
62,2,1,1,1.0,0,0,0
58,4,1,0,0.8341097283309266,1,0,0
65,1,0,0,0.5180069946217564,1,0,0
85,7,1,0,0.9471688862232108,0,1,1
72,8,1,1,0.5895274475410898,1,0,1
83,5,0,0,0.8838046718504673,1,1,1
87,8,1,1,0.849569726567263,0,0,0
86,1,1,0,0.8609358839252438,1,1,0
64,6,0,1,1.0,1,1,0
85,4,1,1,0.6008446335176373,0,1,1
87,3,0,1,0.8599430596596291,0,0,1
89,3,1,0,0.9767259502378295,0,1,0
64,5,0,1,0.6341984937075231,0,0,1
59,6,0,0,0.615764355507301,1,0,1
73,2,1,1,0.6983062430209618,1,0,0
88,5,1,1,0.8084519464479721,0,0,0
86,8,1,0,0.4961142706870287,0,0,1
73,1,0,1,0.8492523583544968,1,1,0
56,8,1,0,0.4964903864857692,0,0,1
67,5,0,0,0.9827995486453404,1,0,0
79,3,1,0,0.8424780290562222,0,1,1
72,6,0,0,1.0,1,1,0
64,5,1,1,0.8703810769096736,1,1,1
64,7,1,1,0.6951431187982214,1,0,0
52,1,0,0,0.6062381156608205,0,0,0
61,1,0,0,0.7930003904540153,0,0,0
77,6,1,0,0.7445548940739826,0,1,1
59,3,1,1,0.9635050262779098,0,1,0
90,2,0,1,0.5828486130561271,1,1,1
53,4,1,1,1.0,1,1,0
74,6,0,0,0.9794598495086989,0,0,0
70,2,1,1,0.7133657465537141,0,1,0
84,8,0,0,1.0,0,0,0
86,4,0,0,0.6090369428896909,1,0,0
72,2,1,1,0.7870061621847411,0,1,0
75,1,1,0,0.5202352107174623,0,0,0
78,7,0,0,1.0,0,0,0
71,1,0,0,0.453470373645424,0,1,0
57,4,0,1,0.4907204946728116,1,0,1
67,6,0,1,0.6357516407289834,1,0,0
59,5,1,0,0.988018261441709,1,0,0
69,3,0,1,0.9218720794941994,1,1,0
75,1,1,0,0.7719691130812392,1,1,1
58,6,0,1,0.9334067180101131,1,1,1
60,4,0,0,0.7292255295519932,0,0,0
83,1,1,1,0.8260371802682394,0,0,0
65,2,0,0,1.0,1,0,0
58,5,0,1,0.7056086028232416,1,0,0
79,2,0,0,0.6120529282610929,1,1,1
79,4,0,1,0.8346669085788583,1,1,0
83,1,1,1,0.8832493753484791,0,1,0
81,7,1,0,0.7698805926861502,1,0,1
90,6,0,0,0.9306086364670858,0,0,0
73,7,0,0,0.7137733554779678,0,0,0
61,1,0,0,0.7729582817250286,1,1,0
85,4,0,1,0.8174234788614497,0,1,0
60,3,0,0,0.80172498684674,0,0,0
61,5,0,1,1.0,1,0,0
83,7,1,0,0.8165201250000598,1,0,1
86,2,0,0,0.6952976157141568,1,1,0
63,7,1,0,0.8450367062683821,0,0,0
79,5,1,1,0.9315931512486227,0,0,0
87,7,0,0,0.8893623794733831,1,0,0
82,1,0,0,0.8793853628093362,0,0,0
50,8,0,0,0.48035097416747374,0,0,0
77,4,0,0,0.3013477289687411,1,1,0
56,3,0,0,0.9795476169517123,1,0,0
84,2,1,1,0.8289943403171037,1,0,0
52,8,0,1,0.7461160650092514,0,0,1
90,8,0,0,0.8749763450004279,1,1,1
57,2,1,1,1.0,1,1,1
67,4,1,1,1.0,1,0,1
59,6,1,1,0.9231997031043524,0,1,0
83,5,1,1,0.5903893860901241,1,1,1
66,2,0,0,0.6137776554654223,1,1,0
80,3,0,1,0.3204471573538128,1,1,1
52,3,0,1,0.8640324252992856,0,0,0
68,3,0,0,0.9495528955430098,1,1,0
87,8,0,0,0.9642320483144722,1,1,0
88,2,0,1,0.8715774848298197,0,0,1
58,6,0,1,0.7222679655190836,0,1,0
66,8,0,0,0.648430056856174,1,0,0
66,7,1,1,0.6014343367036623,0,0,0
73,7,0,1,0.7205835271502642,1,0,0
72,2,0,1,0.5739912742986393,0,0,0
54,2,1,0,1.0,0,1,0
81,7,1,0,0.5155731204481919,1,0,1
59,6,0,1,0.7145304101599399,0,1,0
62,6,0,1,0.4014806855824427,1,0,1
84,4,0,1,0.8033798750336517,1,1,0
78,5,0,0,0.7495709322437165,1,0,0
66,1,0,0,0.6857777363448829,1,0,0
87,3,1,0,0.5820990121145904,1,1,0
66,5,1,0,0.7504431304057709,0,0,0
73,2,0,1,0.6519970397974372,1,1,1
60,2,1,0,0.7253637799139996,1,0,0
57,1,1,0,1.0,0,0,0
70,2,0,1,0.7809918988606624,0,0,0
73,8,0,1,0.8459160974353259,0,0,0
83,6,1,1,0.6663963403775109,0,0,1
66,8,0,1,0.6088016082585428,0,1,1
86,3,0,1,0.7458676115792434,0,0,1
74,5,0,1,1.0,1,0,0
52,8,1,1,0.6982630149190872,0,0,1
80,3,0,0,0.815058804605668,1,1,0
73,6,1,0,0.6008882672837028,0,1,1
65,6,0,1,0.25405103308768495,1,0,1
69,7,1,1,0.6078303602523019,1,0,0
62,8,0,0,1.0,1,0,0
75,5,0,0,0.8571702530504579,1,0,0
73,5,0,0,1.0,0,0,0
68,7,0,1,0.6874099977122443,1,1,1
61,6,1,0,0.32577040132380103,0,0,1
66,3,1,0,0.5504323793767598,1,1,1
70,6,0,0,0.8214644569879503,1,1,0
69,5,0,1,0.7927704949685611,1,0,0
62,2,0,0,0.7481237166159188,0,1,0
73,5,0,0,0.6545551777614627,0,1,1
59,5,0,1,0.9191488236245839,1,0,0
70,8,1,0,0.6597575986798269,0,0,0
54,5,0,0,0.805407036629286,1,1,1
69,2,1,0,0.7851590697058687,0,1,0
82,8,0,0,0.6836695601948017,0,1,0
83,5,1,1,0.5913667108128786,1,1,1
78,3,1,0,0.673080584389867,0,0,0
80,7,1,1,1.0,0,0,1
52,4,1,1,0.950240615387912,0,0,0
63,3,1,0,0.9336699716307562,1,1,0
76,7,0,1,0.6084365327805333,1,1,1
82,7,0,0,0.4912159308659599,1,0,1
73,5,0,1,0.9473689588365517,1,1,0
84,3,1,0,0.91285810688099,1,0,1
61,7,1,0,0.7747048158028594,0,1,1
56,2,1,1,0.683302820234977,0,0,0
53,6,0,1,0.4864899622376943,1,1,0
73,5,1,1,0.9061320799881304,0,0,0
77,7,0,0,0.9635043206938637,0,1,1
61,4,0,1,0.627763362871585,0,0,0
82,7,1,0,0.6127320718668678,1,1,1
80,1,0,1,0.9733911465015845,1,0,0
64,7,0,1,0.6344643966791733,0,1,1
59,1,1,0,1.0,1,0,0
80,6,1,0,0.7303706835841722,1,0,0
77,2,0,0,0.680418892764003,1,0,0
57,8,0,0,0.7581194402184114,1,0,1
60,7,0,1,0.6804062878144764,1,0,1
69,1,0,0,0.9527182295425827,0,0,0
70,8,1,1,0.9094458251235696,1,0,0
56,3,1,1,0.9458591326951497,1,1,0
88,5,1,0,0.7832135533249313,0,0,1
65,1,1,0,0.6678561903044946,0,1,1
65,1,0,1,0.748368478663008,0,0,0
52,2,0,0,0.6733745775173506,1,0,0
85,5,0,0,1.0,0,1,0
59,5,1,1,0.9304092702837482,1,1,0
90,7,0,0,0.7335258479657022,0,1,0
70,2,0,0,0.5832345077811713,1,0,0
85,6,1,0,1.0,0,0,0
57,1,1,1,0.7746031443979742,0,1,0
56,3,0,1,0.7265698571645878,1,0,0
82,2,0,1,1.0,0,0,0
83,1,0,1,0.6582092135919477,0,1,0
72,5,0,1,0.6925931577606838,1,1,1
51,8,0,1,0.7084633892923624,0,1,1
88,6,1,0,0.5130175491044686,0,1,1
66,7,0,1,0.8068323657766706,0,1,0
88,5,0,0,0.6127779459578788,1,1,1
85,1,0,1,0.6472700881839979,0,1,0
84,3,0,1,0.6232016137077006,1,1,1
78,7,0,0,0.6443273634052902,0,1,0
77,1,0,1,0.5989953964771534,1,1,0
71,1,1,1,0.7944985519715949,0,0,0
51,7,0,1,0.7219932433525714,0,0,0
65,1,0,0,0.7586414648774609,0,0,0
79,8,1,1,1.0,1,1,1
83,7,0,1,0.7219989874021444,1,1,1
72,6,0,0,0.8588905720025459,1,1,1
79,5,0,0,0.8793749278804762,0,1,0
50,1,0,1,0.7386858076144307,0,1,0
69,4,0,0,0.7992838436781069,0,1,0
70,7,1,0,0.7537256742472366,0,0,0
86,8,0,1,0.786460511228066,0,1,1
62,4,1,1,0.6444269779173353,1,1,0
59,7,0,0,0.6610419642756317,0,0,0
64,7,1,0,0.7530460055909537,0,1,1
56,1,0,0,0.39505734410682114,1,0,0
72,5,0,1,1.0,0,0,0
76,5,0,1,1.0,0,1,0
82,5,1,0,0.7806630467864486,1,0,0
89,7,1,1,0.8697844519051808,1,1,1
53,8,0,1,0.9445903806090894,1,1,1
60,5,0,0,0.5115594468759116,1,1,0
62,3,0,1,0.9170900301511962,0,1,0
60,8,1,0,0.6732408370018395,1,1,1
83,8,0,1,1.0,1,0,0
55,6,1,0,0.716113277400235,0,1,1
51,6,0,1,0.9134728001708988,1,1,1
85,1,0,1,0.717885672535176,0,0,0
89,4,1,1,1.0,1,0,1
59,2,0,1,0.6577769609329971,0,0,0
63,5,0,1,0.95971598171893,1,0,1
70,7,0,0,0.8628020188413503,1,0,1
71,2,1,0,0.8227757930995488,1,1,1
90,8,0,1,0.7912213321880591,0,0,0
66,2,0,0,0.6299377468145647,0,1,1
50,1,1,1,0.28450986412186613,1,1,1
67,8,1,1,0.9433905795230907,0,1,1
72,1,0,1,0.6620089601380288,0,0,1
71,6,0,0,0.9605280258627653,1,0,1
71,7,1,0,0.8133055982248197,0,1,0
87,3,0,0,0.9660462205836217,0,1,0
83,1,0,1,0.8943406536197053,0,0,0
60,3,1,1,0.30635486751374386,1,0,1
64,1,1,1,0.8606812109246395,0,1,1
77,6,0,0,0.6881384125893928,0,1,1
66,8,1,0,0.9597020137082717,1,0,1
67,8,1,0,0.856417349124624,0,0,0
56,7,1,0,0.8585344268338093,1,1,1
60,7,0,1,0.700996296772515,1,0,1
80,8,1,0,0.5857308854205976,0,0,1
84,7,1,1,0.6720803473853054,1,0,1
82,6,1,0,0.4260193929244293,0,0,0
62,8,1,1,0.6437381277816038,1,1,1
55,3,0,1,0.4864513620829022,1,0,1
56,4,0,0,0.4912066553235941,0,1,0
66,8,0,1,0.7709661925007177,0,1,1
71,3,1,0,0.8461288091107129,0,0,1
86,3,0,0,0.7442771735684611,1,1,0
86,2,0,0,0.6602177104790876,0,0,0
50,3,0,1,0.5794665307969934,0,1,1
79,5,0,1,0.692905261374352,1,0,1
62,8,1,0,0.6019998525790058,1,1,0
58,2,1,0,0.7386904664181639,1,1,0
72,6,0,1,0.476124280665797,1,0,1
51,7,1,1,0.876237164077031,0,0,0
63,8,0,0,0.6479343980263754,0,0,0
72,7,1,0,0.8177262420508209,0,1,1
61,2,1,1,0.9096999592136146,1,0,1
74,4,0,1,0.8090167587475801,1,1,1
68,8,0,1,0.8938428221276549,1,0,0
82,8,1,0,0.37800493268626717,1,0,1
57,5,1,1,0.6612858005333004,0,0,0
52,8,1,0,0.948553800022035,1,0,0
71,6,0,1,0.8416613168969199,1,1,1
60,1,0,1,1.0,1,1,0
78,8,1,0,1.0,0,1,0
53,2,1,0,0.8039265842011146,0,1,0
73,4,1,1,0.7046438486007348,0,0,0
90,2,0,0,0.5774810316479418,0,1,0
53,6,0,1,0.6643544582036555,1,1,0
62,1,1,0,0.6765155564719141,1,0,1
84,6,1,0,0.6432151453712913,1,1,1
71,7,1,1,0.5846992054066117,1,1,1
57,7,0,1,0.8222837857539681,0,0,0
58,3,1,0,1.0,1,1,0
81,8,1,0,0.9179862182814466,1,1,1
85,3,1,1,0.6919643895113419,0,0,1
64,6,1,0,0.9325251925681277,0,1,1
69,5,1,0,0.8123971560309988,1,0,1
82,1,0,1,0.7426732168313683,1,1,0
57,1,1,1,0.7314379093834672,0,0,0
58,2,1,0,0.7140107751621125,0,1,1
81,8,1,0,0.8671919020927086,1,1,1
57,8,1,0,0.7751406148097558,1,0,1
81,4,0,1,0.6188838964361418,1,0,0
70,8,1,0,0.6101666203619367,0,0,1
90,1,1,1,0.8050627166307003,0,1,0
51,8,1,1,0.8271572188229895,0,1,1
88,2,1,0,0.6936361240229788,1,1,1
59,1,1,1,0.546238987905676,1,0,0
51,7,0,0,0.9751737210753237,1,1,0
79,4,0,0,0.9369488297148781,0,0,0
71,3,1,1,0.3922722298247704,1,1,1
84,7,1,1,0.9911249261964354,0,0,0
54,3,0,1,0.7123843564800575,1,1,0
53,7,1,1,0.7841976744048856,0,0,0
73,2,0,0,0.9548801508094729,1,1,0
86,1,0,1,1.0,1,0,0
66,3,1,1,0.9305157513081954,1,1,0
82,5,0,1,0.7933854898111007,0,1,0
87,2,0,0,0.5023846764654603,1,0,0
85,2,0,1,0.3852782716827471,1,1,1
70,6,0,0,0.9080686090244107,1,0,1
78,4,0,0,0.9915654622340058,0,0,0
71,4,0,0,0.6033639250491514,0,1,0
77,2,0,0,0.7014396063470286,1,0,0
73,1,0,0,0.6496921400906182,0,0,0
71,1,0,1,0.6448979867719794,1,1,0
67,6,1,1,0.9434930131005538,1,0,1
76,1,1,0,0.7893071638956556,0,1,0
80,2,0,1,0.7087479039487795,0,0,0
87,8,0,0,1.0,1,1,1
75,3,1,0,0.49180423817863916,1,1,0
54,6,0,0,0.8486239946692414,0,1,0
74,3,0,1,0.5611839086690049,1,0,1
62,8,1,0,0.7216613630410366,0,0,0
51,7,1,0,0.7767549092032812,0,0,1
52,4,0,1,0.9020272295343166,1,1,1
74,6,1,1,0.702987258871016,0,0,0
88,4,0,0,0.6839493423965685,1,1,1
70,8,0,0,0.6997646823935686,0,0,1
68,3,1,1,0.5556085164657883,1,1,1
53,7,1,0,0.8638157643765035,1,1,1
77,5,1,1,0.8006401867407436,1,1,1
52,6,0,1,0.828330360836709,1,0,0
84,3,1,0,0.7374822595440454,0,0,0
83,7,1,1,0.7152819672197832,0,0,1
90,6,0,0,0.9616080608815533,1,0,0
61,7,1,1,0.9339215646282628,1,0,1
56,7,0,0,1.0,0,1,0
62,2,0,0,0.8170669832692568,1,1,0
82,8,1,1,0.9934795370379754,1,0,0
58,7,1,0,0.6751051248503255,1,1,1
86,2,1,0,0.7138466784945604,1,1,1
56,8,0,1,0.9651181356627531,1,1,0
52,5,1,1,0.901815876886843,0,0,0
58,3,0,0,0.6977189267553187,1,0,0
80,2,1,0,0.561673517516452,1,1,1
74,3,0,1,0.7132864427413549,1,1,1
64,1,0,0,0.6267236805701337,1,1,0
76,6,1,1,1.0,0,1,0
76,6,0,0,0.8868073158335552,1,0,0
72,6,0,1,0.6121339360703821,1,1,1
71,5,1,0,0.5619016270802978,1,0,0
54,3,0,1,0.6099036107187801,1,0,0
60,6,1,0,0.6494114570760599,1,1,0
71,7,0,0,0.7199939291165051,0,0,0
55,1,0,1,0.9506183683585597,1,0,0
69,4,0,1,0.5760269595564593,1,0,1
54,8,1,0,1.0,1,0,0
82,7,0,0,0.5802059573708422,0,0,1
54,8,0,1,0.49637140840297217,1,1,0
53,2,1,1,1.0,0,1,1
76,4,1,1,0.987826007970652,0,0,0
59,2,0,0,0.7171772164038687,0,0,0
64,7,0,1,0.8186398167224148,0,1,0
62,5,0,0,0.8231824414383625,1,1,1
58,2,1,1,0.7746082371738405,1,0,1
81,1,0,0,0.5166336830753149,0,0,0
78,6,0,0,0.3032459071200746,1,0,1
59,7,0,0,0.597949287181785,1,0,0
78,8,1,1,1.0,1,0,1
79,8,0,1,1.0,0,0,0
72,7,1,0,0.7028693463913844,0,1,1
73,7,0,0,0.5775664399457392,1,1,1
88,7,0,1,0.8000618195512884,0,1,0
68,8,1,0,0.8290166151840646,1,1,0
65,4,1,0,0.8581295134729303,1,0,0
72,7,1,0,0.29513483708923244,0,1,1
84,7,1,1,1.0,0,0,0
79,1,0,1,0.9538454402478538,1,0,0
53,6,1,1,0.71438453332686,0,1,1
68,3,0,1,0.6206740265710464,0,1,0
80,2,0,1,0.9277150249343289,0,1,0
59,2,1,1,0.8391710307062175,1,1,1
90,1,1,0,0.766586547846212,1,0,0
83,8,1,0,0.8325002340553461,0,1,0
84,7,1,1,0.7297104712395694,1,0,1
53,1,0,1,0.8223352078291144,0,0,0
73,6,1,1,0.8807453131716306,0,0,0
71,6,0,0,0.8117970373347648,0,1,0
75,5,0,0,0.8023659416979454,1,1,0
84,5,1,0,1.0,1,0,0
64,8,1,0,0.46252071850467785,0,1,0
71,5,0,1,0.6063811898594825,0,1,1
77,6,0,0,0.7547809234765841,1,1,1
80,5,0,0,0.6186238350727367,0,1,1
81,4,0,0,0.6787141431160906,1,1,0
63,8,0,0,0.981793520920208,0,0,0
90,4,0,1,0.7231852246876095,1,0,1
50,7,1,1,0.4207420150114847,1,0,0
70,5,0,0,0.6737984887198298,0,1,0
74,6,1,1,0.7604603713440969,1,0,0
52,7,0,1,0.7571441158421388,0,1,0
68,6,1,1,0.8500867394423546,0,0,1
74,5,0,1,0.8353899434559853,0,0,0
74,5,0,1,0.7250113022653225,0,0,0
54,5,1,1,0.535252843515822,1,1,1
61,3,0,0,0.6705949347052388,0,1,0
60,6,1,1,0.6379002198080763,0,0,0
76,8,1,1,0.6986813155164739,1,0,1
63,6,0,1,0.8744103363464196,0,1,1
73,7,0,0,0.8227384949214754,1,0,1
79,7,1,1,0.8983210284735034,0,1,0
82,3,0,1,0.6808650233514971,1,0,0
57,1,1,0,1.0,1,1,0
87,3,1,1,0.8711109322674097,1,1,1
56,7,1,1,0.7702022427315524,1,0,0
50,7,1,1,0.8586023851880344,1,0,1
51,5,1,1,0.6283631253664144,0,1,1
58,7,0,1,0.3704242411271242,0,1,1
85,1,1,0,0.6407946535674399,1,0,0
58,6,0,1,0.8845422523035903,0,0,0
78,6,1,1,0.7644388871440134,0,0,1
67,5,0,0,0.7253697949179828,0,0,0
51,6,1,1,0.597388787260009,1,1,1
68,4,1,0,0.3979513513350236,1,1,1
51,5,1,0,1.0,1,0,0
69,5,0,1,0.7125789464739107,0,0,0
72,7,0,1,0.6726831632585056,1,1,1
71,2,1,0,0.6291036719234631,1,1,0
61,3,1,1,0.9758140459727932,1,0,0
81,4,1,0,0.9086431462282891,0,0,0
74,2,1,0,0.5758968964420283,1,1,1
60,3,0,1,0.9596177337078362,0,1,0
67,3,1,0,0.7238873245941719,0,1,0
54,3,1,1,0.6401024061622991,0,1,1
87,4,1,0,0.6971497703764409,1,0,1
80,5,0,0,0.6090064949073186,0,1,0
61,6,0,1,0.5122421215052178,1,1,1
77,3,0,0,0.8897035737915461,1,0,0
77,7,0,0,0.7102731253743357,0,0,1
74,4,1,0,0.8610977160561487,0,0,0
52,6,1,1,0.8016983996033183,1,1,0
86,1,1,0,0.8487374000435831,1,1,1
89,2,1,1,0.38172237502672435,0,1,1
89,4,1,0,0.593983155115737,0,0,0
90,3,1,1,0.8524856559723326,0,1,1
88,4,1,1,0.5205304750555257,1,0,1
80,2,1,0,0.8171517150862017,1,1,1
52,4,0,1,0.4996731755966565,0,0,0
69,6,1,0,0.752959917029045,0,1,1
60,6,1,1,1.0,0,1,0
59,2,1,0,0.8894280207596924,1,1,0
84,3,1,1,0.4168666294606678,1,1,1
83,5,0,0,0.9027068527769132,0,1,0
71,5,1,1,1.0,0,0,1
80,7,1,0,1.0,1,0,0
55,4,0,0,0.8355136327443641,1,1,0
59,6,0,0,0.5044044137006362,1,0,0
85,8,1,1,0.8282420360443973,0,1,1
68,3,1,0,1.0,1,1,1
72,7,1,1,0.7163241276449454,1,1,1
68,3,0,1,0.9377596061188604,1,0,0
58,3,1,0,0.5988714602020162,0,1,0
83,6,1,0,0.8170235855628332,0,0,0
81,5,1,0,0.3018756872693771,0,0,1
78,5,0,0,0.5789396312693907,0,1,0
64,2,0,1,0.7488982834892659,1,0,1
76,1,0,1,0.6845957884962416,1,1,1
89,8,1,1,0.5158888510303656,1,1,1
76,7,1,1,0.6600618843447079,1,0,1
70,8,0,1,0.8093379087242394,0,0,0
61,5,1,1,0.7344790343201606,1,0,1
71,8,1,0,0.7609687625767564,1,0,0
65,4,0,1,0.881754384555433,1,0,0
75,1,1,1,0.6882307138680156,0,1,0
51,2,1,0,0.9946520189493446,0,0,0
57,3,0,1,0.5719312081017458,0,1,0
82,4,0,1,1.0,0,0,0
65,8,0,0,0.9503469534889672,1,0,0
67,3,0,1,0.6859203995078,1,1,1
72,5,0,1,0.6979226332384055,0,1,0
67,3,0,1,0.7872124064901125,1,0,1
81,6,1,1,0.8577607673769558,1,1,1
60,5,1,1,0.9470186895420223,1,1,1
81,2,0,0,0.508693575357285,1,0,0
58,4,1,0,0.8287396719710245,1,1,1
65,1,0,1,0.3690274345567113,0,0,0
74,8,1,0,0.718085912549613,1,0,1
86,6,1,1,1.0,0,1,1
59,8,1,1,0.4948303742006703,1,1,1
74,8,0,0,0.4621371985143008,1,1,0
52,2,1,1,0.7897431179186356,0,0,0
53,6,1,0,0.9997372495510684,1,0,0
81,1,1,0,0.808571181195358,1,1,0
79,8,0,0,0.4071687785613208,0,0,1
65,7,1,0,0.4470368856516707,0,1,1
75,6,0,1,0.7675943579272955,0,1,1
65,8,0,0,0.5377363645267619,0,1,0
61,7,0,0,0.7746035329030181,0,1,1
67,7,0,0,0.785279120388049,1,0,1
62,1,0,0,0.6618436480816121,1,1,0
83,1,0,0,1.0,0,0,0
66,8,1,1,0.8562840968881725,0,0,1
63,3,1,1,0.9680863581829517,0,0,0
71,4,0,0,0.915704716488892,0,1,0
81,1,1,0,0.7229867588490239,1,1,0
61,5,1,0,0.7149994947589173,0,1,0
88,7,0,0,0.6964283933708213,1,0,0
69,7,0,1,0.8725984054500439,1,1,1
77,5,1,0,0.6329342680730645,0,1,1
89,6,0,0,1.0,0,1,1
67,5,1,1,0.6157435253389693,1,0,1
58,4,1,0,0.7886055130134652,1,0,1
80,5,0,1,0.7087654538317293,1,0,0
50,8,0,1,0.6688572034104252,0,1,1
68,3,0,1,1.0,0,0,0
90,4,1,0,0.6709702185457567,1,0,1
66,5,0,1,0.6951501874213633,1,0,1
78,5,1,1,0.6304559522779398,0,0,1
71,1,0,1,0.7573873108240061,1,1,0
58,3,1,0,0.7317648538783151,0,1,0
63,6,1,1,0.5485344364732252,1,0,1
71,6,0,1,0.6736134244174219,1,0,1
54,6,1,1,0.8597435777011131,1,0,1
67,8,0,1,0.9348576328959517,1,0,1
67,6,0,0,0.7543201103337864,1,1,0
84,5,1,1,0.7606190623175777,1,0,1
55,3,0,1,0.6850208870822502,1,0,0
84,3,0,1,0.6595604936475811,0,1,0
66,7,0,0,0.5844768546211856,0,1,1
76,4,1,1,0.4698030982369888,0,0,0
72,6,0,1,0.6235595986608233,1,1,1
62,1,0,1,0.9127295161212924,1,1,0
88,2,0,0,0.6736049503145081,1,1,1
59,2,0,1,0.6877166369350725,1,0,0
51,2,1,0,0.6842126640513635,0,0,0
80,5,1,1,0.9740473798498921,1,0,0
75,6,1,0,0.5828911373043593,1,0,1
86,5,0,0,0.7998696009101989,0,0,0
68,3,1,1,0.7376760959573705,1,1,1
50,5,0,1,0.7622268285170584,0,0,0
50,1,0,1,0.7939830732809611,0,1,0
67,4,0,0,0.7602896892482526,1,1,0
60,2,1,0,0.8927439395971655,0,0,0
87,1,0,1,0.7447336809666728,1,0,1
54,2,0,1,1.0,1,0,0
86,1,1,1,0.7580063890140323,1,0,1
58,4,0,0,0.4433759611319515,0,0,0
54,5,1,1,0.8648958644658717,1,0,0
61,5,1,1,0.8205774249467608,1,1,1
55,4,0,0,0.7558581057171464,0,0,0
66,2,1,0,0.703277163188194,0,0,0
63,1,1,0,0.36936856803723855,0,0,0
71,6,0,0,0.39956806879217843,1,1,1
72,8,0,1,1.0,0,1,0
50,3,0,1,0.6446095314421103,1,0,0
55,2,0,0,0.9238116769593975,1,1,0
56,3,1,1,0.4614540108167169,0,1,1
57,2,0,1,0.5615655068337122,0,0,0
53,2,1,1,0.8721553704387088,1,0,0
62,4,1,0,0.7315498135742461,1,0,0
72,7,1,1,0.8467800909580883,0,0,0
62,6,0,1,0.7475461381326346,1,1,1
63,8,0,1,0.7126190464788105,0,0,0
69,3,0,1,0.6275921109285197,0,0,0
72,4,0,0,0.5350795219325999,1,0,0
63,4,1,1,1.0,1,0,0
59,1,0,0,1.0,0,1,0
66,4,1,1,0.5630334681460469,0,0,0
50,3,0,1,0.5512657616387493,1,0,1
70,4,0,1,0.6874008343640234,0,1,0
88,2,1,0,0.8112783026753674,1,0,1
66,6,1,0,0.7172727225677995,0,0,0
54,7,1,1,0.8399136117445898,0,1,0
78,8,1,0,0.7411351894299542,1,0,0
55,1,0,0,0.729366394539138,0,0,0
57,1,0,0,1.0,0,0,0
56,8,1,0,0.6554634147128447,1,0,1
86,7,0,0,1.0,1,0,1
90,5,1,0,1.0,0,0,0
73,3,1,0,0.8407368311852368,1,1,1
75,5,1,1,0.4032962694390854,1,0,1
76,5,0,1,0.7555903482653331,0,0,0
75,7,0,1,0.6573549436688015,0,1,0
72,5,0,1,0.7536163244592853,1,0,1
90,1,0,0,0.5586659773701812,1,0,1
80,6,1,1,0.8861264308290094,1,0,0
53,7,0,0,0.9272973048799918,0,1,0
66,3,1,0,0.9606043743720495,1,1,1
89,1,0,0,0.6812078310507839,0,0,0
66,2,1,1,0.5593034816315808,1,0,1
58,7,0,0,0.8133026549647413,1,0,0
85,4,1,1,1.0,1,0,1
75,5,0,0,0.7624901342304361,0,1,0
73,8,1,1,0.831413475500178,1,1,1
67,1,0,1,0.7077137797412404,1,1,1
55,2,0,1,0.6593753629387626,1,0,0
65,7,0,0,0.8684896689488097,0,1,0
67,5,0,1,0.7309079818790042,1,1,0
88,1,1,0,0.8226341240752794,0,0,0
62,6,0,0,0.841351234309865,1,1,0
56,2,1,0,0.8125530310450034,0,0,0
67,7,1,0,0.8504139574897932,1,1,1
90,7,0,0,0.5964589681031836,1,1,1
69,7,0,1,0.5854747158575704,0,1,0
65,4,1,0,0.7423281108106938,1,1,1
77,3,1,0,0.7466589623529755,0,1,1
76,8,0,1,0.6559818911904669,0,0,1
62,5,1,0,0.7933800533546416,0,1,0
89,6,0,1,0.9134791375501271,1,0,1
74,2,0,1,0.9637521373476274,0,1,0
52,5,1,1,1.0,1,1,1
66,5,1,0,0.5133357006497067,0,1,1
87,3,0,0,0.5406602567324834,0,0,0
66,7,1,0,0.6978638291805037,1,0,0
73,2,0,1,0.7644515773813277,0,1,0
75,6,1,0,0.707084759305742,1,1,1
78,8,0,1,0.6505249205671411,0,1,1
85,5,0,0,0.695204716764473,1,1,1
56,1,1,1,0.8369964880378505,0,0,0
71,5,0,0,0.5106679595774342,0,1,0
71,5,1,1,1.0,1,0,0
56,5,1,0,0.7537788378091739,1,1,1
77,3,0,0,0.9391525309611706,1,1,0
54,6,1,0,0.6455991189063887,1,1,1
68,3,0,1,0.8533829266544584,0,1,0
63,5,1,1,0.7680163931091436,1,1,1
56,5,0,1,0.9042255108998928,1,1,0
83,6,1,1,0.7142435547917246,0,1,1
60,7,1,1,1.0,0,1,0
60,8,1,1,0.4814299474523321,0,0,0
85,7,0,1,0.9208872894356441,1,0,1
85,7,0,1,0.7713695559959487,0,1,0
51,7,1,1,0.5667011942928701,1,0,1
61,2,1,1,1.0,0,0,0
79,3,1,0,1.0,0,1,0
81,5,0,1,0.37670326593177805,1,0,1
90,4,0,1,0.7818211897222485,1,0,0
72,6,1,1,0.8770192598515326,1,0,1
50,1,1,1,0.8295068654972066,0,1,0
85,2,0,1,1.0,1,1,0
56,6,0,1,0.9853738873526307,1,0,0
54,7,0,1,0.7977337241370928,1,1,0
77,3,0,1,1.0,0,0,0
74,3,1,1,0.9186323740873639,1,1,1
52,5,0,0,0.6867453908679739,1,0,0
56,4,1,1,0.6505774329308968,1,0,1
74,2,0,0,0.9738014705352493,1,1,1
60,5,0,1,0.6072682392245204,0,1,0
78,7,1,0,0.6762471096974741,1,1,0
66,6,1,0,0.7068770595381273,1,1,1
74,7,1,1,0.8140176107897071,1,1,1
69,6,1,1,0.7151774946669153,0,0,0
64,8,0,1,0.5129452386335751,1,0,1
64,2,1,0,0.9591743528383374,0,1,0
78,1,0,1,0.6772082432186792,0,1,0
71,1,1,0,1.0,0,1,0
74,8,1,1,0.8047182013067711,1,1,1
73,6,1,0,0.9780973471923886,0,1,1
58,2,0,1,0.8635550725525427,0,0,0
87,7,0,1,0.9867101288621927,0,1,1
73,3,0,0,0.8526610193275977,1,1,1
79,5,1,0,0.7923303901185251,1,0,0
86,2,1,1,0.946782136534173,1,1,1
87,1,1,1,1.0,1,0,0
77,3,1,1,0.7014365510511225,0,0,1
82,2,0,0,0.8930868577905025,1,0,0
69,5,1,1,0.7490559139481733,0,0,0
80,1,1,0,0.8410906236887462,0,0,0
63,2,0,1,0.7575885403637761,0,1,0
79,5,1,1,0.36160628057212746,1,1,1
53,4,0,1,0.7139663908071281,0,0,0
87,6,1,0,0.9299199131055361,1,0,0
60,6,0,0,0.6122628078116573,1,1,1
76,8,0,1,0.9157703597528778,1,0,1
50,7,1,1,0.7830496495902621,0,1,1
56,2,1,0,0.7155317044462424,1,0,0
90,6,0,1,0.9130467693510063,1,0,1
84,6,0,1,0.872585677841567,0,0,0
59,5,0,0,0.8256984728156463,0,0,0
55,7,0,0,0.9328620365004745,0,1,0
83,2,0,0,0.7865576975259445,0,1,0
90,4,0,0,0.45396011406197573,1,1,0
56,7,1,0,0.6819382428361825,0,0,0
77,8,1,0,0.42520756389962416,1,0,1
61,1,1,0,0.8683256687175541,0,0,0
80,4,0,0,0.9113159710727342,1,1,1
67,3,1,1,0.9195064035839475,1,0,0
55,2,1,0,0.8380370458613647,0,1,0
63,1,0,0,0.9242265232900737,0,1,1
72,5,1,1,0.46621139911185705,0,0,1
82,6,1,0,0.7306379540770283,1,0,1
50,5,0,1,0.4953151220145213,1,0,0
89,3,0,1,0.68550066969494,1,0,0
76,7,0,1,1.0,0,1,1
85,6,0,0,0.9467826928238449,0,1,0
88,8,0,1,0.8692113731653959,1,1,0
56,3,0,1,0.7173083588518843,0,0,1
53,2,0,1,0.5711529387997953,0,1,0
81,4,1,0,0.7836649830811973,0,1,1
57,5,0,0,0.9499216497280152,1,1,0
56,4,0,0,0.8237768680666622,0,0,0
69,7,0,0,0.46457565794677885,1,0,0
87,1,1,1,0.7688299614808504,1,1,1
82,5,1,0,0.40560092542805737,0,0,1
71,4,0,1,0.8947530899590813,0,0,0
58,2,1,1,0.6252586053479913,0,0,0
63,6,0,1,0.5298381480264721,0,0,0
78,7,0,1,0.8972275192917967,1,1,1
56,5,1,1,0.8506880106931175,1,0,0
71,1,1,0,0.791831813234558,0,1,0
50,1,1,0,1.0,0,1,0
63,4,1,0,0.8642999705260721,1,0,0
60,6,0,1,0.633907752613074,1,1,1
77,3,1,0,0.8434566961472895,0,0,0
87,3,1,0,0.6985060781886403,1,0,1
56,7,0,0,0.9780165879414604,0,1,0
82,1,0,0,0.8005758972294771,1,0,0
76,1,1,0,0.8183861916240808,1,0,0
89,2,0,0,0.49037368616484706,1,0,1
87,8,0,0,0.7610432915105314,1,1,0
54,4,1,1,0.7398721462322534,0,0,0
80,2,0,1,0.5656415780621008,0,0,1
74,3,1,0,0.7101297324500079,0,0,0
54,8,1,0,0.8284354398451341,0,1,1
60,6,0,0,0.7492170721180776,1,1,0
88,2,0,0,0.49582205551487396,0,1,1
72,2,0,0,0.7008209700245502,0,0,0
63,1,1,1,0.6657555379728226,1,0,0
63,7,1,1,0.7848324341456129,0,1,1
84,2,0,1,0.765395861140996,0,1,0
61,3,0,0,0.6759096488198676,1,0,1
56,3,1,1,0.6688805801837967,1,0,0
73,5,1,1,0.7621000658372099,1,1,1
90,5,1,0,0.9233358158975813,1,1,1
57,7,1,0,0.8001552940874734,1,0,0
60,3,0,1,1.0,1,0,0
69,4,1,1,0.9539743761915402,0,0,0
58,4,1,1,1.0,0,0,0
76,1,0,0,0.9963529773245501,1,1,0
60,6,1,1,1.0,1,1,0
55,5,1,1,0.5424342941151779,0,0,1
60,4,1,0,0.8665367300238843,0,1,1
88,8,0,0,0.9692976995155014,1,1,1
88,2,0,0,1.0,0,1,0
70,8,0,0,0.6112706136574886,0,1,1
66,6,1,1,0.8683284944876588,1,1,1
83,2,0,0,0.7635365516910755,1,1,1
57,6,0,0,1.0,0,1,0
76,7,0,0,0.5002875076089989,1,1,1
77,3,0,1,0.6115278753438842,1,0,1
79,3,1,0,0.4240859115067779,0,0,0
58,7,1,1,0.7760309316659548,1,1,0
79,2,1,0,1.0,1,0,0
75,1,0,1,0.7420185086640074,0,0,0
85,6,1,1,0.7681859980543657,0,1,1
57,8,1,1,0.8490429787121768,1,1,1
75,5,1,1,0.7290677126986876,0,0,0
84,2,1,0,0.8158846834459345,1,0,0
61,5,1,0,0.8205981004790065,0,1,1
80,3,0,1,0.5977998026231652,1,0,0
54,7,1,0,0.7330715919210598,1,0,0
79,5,1,0,0.8835479267682443,0,0,0
74,3,1,0,0.9171437009813572,0,1,1
57,5,0,0,0.9837302981149695,1,0,0
52,6,1,0,0.810378492020903,1,0,0
80,6,1,1,0.8140414280239994,0,0,0
59,3,1,0,0.8850332757386324,1,0,0
70,5,1,0,0.6429413615571645,0,1,1
52,1,0,0,0.6355597706419508,1,1,0
89,4,1,1,0.7275363856222082,0,0,0
72,4,1,0,0.5204968140802614,0,1,0
88,5,0,1,0.8232421389059836,1,1,1
56,8,0,1,0.9388347665102874,1,0,1
58,8,0,1,0.6221921439290963,1,1,1
75,4,0,1,0.8283268541793488,0,0,0
74,6,0,1,0.6367564108304412,0,0,1
82,1,1,1,0.5670164096409134,0,1,1
88,4,1,1,1.0,0,1,0
83,6,0,0,0.5695980355168964,1,0,1
55,6,1,1,0.519722522744188,0,1,1
62,8,0,1,0.7886487714699563,1,1,0
87,4,1,1,0.7983338661229379,0,0,1
72,8,0,0,0.8701017854141893,0,1,0
85,8,0,0,1.0,0,1,1
73,5,0,0,0.6101166332649666,0,0,0
52,1,1,0,0.645881369164698,0,0,1
69,4,1,1,1.0,0,0,0
83,7,0,1,0.9190422777910412,1,1,1
76,5,1,0,0.8940146407971118,0,0,0
55,8,0,1,0.6438236348086825,1,0,0
58,7,0,0,0.9526598796742054,0,0,0
85,1,0,0,0.8945729076325865,1,0,0
90,7,1,1,0.7841167082614858,0,1,0
80,3,1,0,0.6447129941579715,0,1,1
54,7,1,1,0.7692051997899202,0,0,0
